Title,Date
"Dronninggambit: Miniserie: Sluttspill","28.01.2024"
"Dronninggambit: Miniserie: Hengeparti","28.01.2024"
"Dronninggambit: Miniserie: Gaffel","28.01.2024"
"Dronninggambit: Miniserie: Midtparti","26.01.2024"
"Dronninggambit: Miniserie: Doble bønder","25.01.2024"
"Dronninggambit: Miniserie: Bytter","25.01.2024"
"Dronninggambit: Miniserie: Åpninger","22.01.2024"
"Spioner: På hemmelig oppdrag: Sesong 1: Operasjon Just Cause","20.01.2024"
"Spioner: På hemmelig oppdrag: Sesong 1: Operasjon Jawbreaker","20.01.2024"
"The Tourist","19.01.2024"
"Et amerikansk mareritt: Sesong 1: Del 3: De andre","18.01.2024"
"Et amerikansk mareritt: Sesong 1: Del 2: Gone Girl","18.01.2024"
"Et amerikansk mareritt: Sesong 1: Del 1: Kjæresten","18.01.2024"
"Formula 1: Drive to Survive: Sesong 1: All to Play For","18.01.2024"
"Mr. & Mrs. Smith","17.01.2024"
"Night Stalker: Jakten på en seriemorder: Miniserie: Forbryterjakt","14.01.2024"
"Night Stalker: Jakten på en seriemorder: Miniserie: Lås døren","14.01.2024"
"Night Stalker: Jakten på en seriemorder: Miniserie: Hvem som helst kan bli neste offer","14.01.2024"
"Den fantastiske historien om Henry Sugar","11.01.2024"
"Snøsamfunnet","09.01.2024"
"Jack Reacher: Vend aldri tilbake","09.01.2024"
"Night Stalker: Jakten på en seriemorder: Miniserie: En djevel i englenes by","03.01.2024"
"Top Gun: Maverick","31.12.2023"
"Our Planet – Vårt utrolige hjem: Our Planet 2 – Vårt utrolige hjem: Kapittel 1: En verden på farten","14.12.2023"
"Transformers: Dark of the Moon","10.12.2023"
"Travis Scott: Look Mom I Can Fly","18.11.2023"
"Black Mirror: Sesong 3: Shut Up and Dance","11.10.2023"
"Black Mirror: Sesong 6: Joan Is Awful","11.10.2023"
"Young Sheldon: Sesong 2: Family Dynamics and a Red Fiero","06.10.2023"
"Young Sheldon: Sesong 2: An 8-Bit Princess and a Flat Tire Genius","06.10.2023"
"Young Sheldon: Sesong 2: Carbon Dating and a Stuffed Raccoon","04.10.2023"
"Young Sheldon: Sesong 2: Seven Deadly Sins and a Small Carl Sagan","04.10.2023"
"Young Sheldon: Sesong 2: A Research Study and Czechoslovakian Wedding Pastries","03.10.2023"
"Young Sheldon: Sesong 2: A Financial Secret and Fish Sauce","01.10.2023"
"Young Sheldon: Sesong 2: A Crisis of Faith and Octopus Aliens","01.10.2023"
"Young Sheldon: Sesong 2: A Rival Prodigy and Sir Isaac Neutron","24.09.2023"
"Young Sheldon: Sesong 2: A High-Pitched Buzz and Training Wheels","24.09.2023"
"Young Sheldon: Sesong 1: Vanilla Ice Cream, Gentlemen Callers, and a Dinette Sett","24.09.2023"
"Young Sheldon: Sesong 1: Summer Sausage, a Pocket Poncho, and Tony Danza","24.09.2023"
"Young Sheldon: Sesong 1: A Dog, a Squirrel, and a Fish Named Fish","24.09.2023"
"Young Sheldon: Sesong 1: Gluons, Guacamole, and the Color Purple","24.09.2023"
"The Boy Who Harnessed the Wind","24.09.2023"
"Coach Carter","24.09.2023"
"Sannsynligheten for kjærlighet ved første blikk","23.09.2023"
"Young Sheldon: Sesong 1: A Mother, a Child, and a Blue Man's Backside","21.09.2023"
"Young Sheldon: Sesong 1: Jiu-Jitsu, Bubble Wrap, and Yoo-hoo","21.09.2023"
"Young Sheldon: Sesong 1: Killer Asteroids, Oklahoma, and a Frizzy Hair Machine","20.09.2023"
"Young Sheldon: Sesong 1: Dolomite, Apple Slices, and a Mystery Woman","20.09.2023"
"Young Sheldon: Sesong 1: Potato Salad, a Broomstick, and Dad's Whiskey","19.09.2023"
"Young Sheldon: Sesong 1: A Sneeze, Detention and Sissy Spacek","19.09.2023"
"Young Sheldon: Sesong 1: A Computer, a Plastic Pony, and a Case of Beer","19.09.2023"
"Young Sheldon: Sesong 1: Demons, Sunday School, and Prime Numbers","19.09.2023"
"Young Sheldon: Sesong 1: An Eagle Feather, a String Bean, and an Eskimo","19.09.2023"
"Young Sheldon: Sesong 1: Spock, Kirk, and Testicular Hernia","19.09.2023"
"Young Sheldon: Sesong 1: Cape Canaveral, Schrödinger's Cat, and Cyndi Lauper's Hair","18.09.2023"
"BlacKkKlansman","17.09.2023"
"The Imitation Game","17.09.2023"
"Young Sheldon: Sesong 1: A Brisket, Voodoo, and Cannonball Run","11.09.2023"
"Young Sheldon: Sesong 1: A Patch, a Modem, and a Zantac®","10.09.2023"
"Young Sheldon: Sesong 1: A Solar Calculator, a Game Ball, and a Cheerleader's Bosom","10.09.2023"
"Young Sheldon: Sesong 1: A Therapist, a Comic Book, and a Breakfast Sausage","10.09.2023"
"Young Sheldon: Sesong 1: Poker, Faith, and Eggs","10.09.2023"
"Young Sheldon: Sesong 1: Rockets, Communists, and the Dewey Decimal System","10.09.2023"
"Young Sheldon: Sesong 1: Pilotepisode","10.09.2023"
"Rocketman","07.09.2023"
"Senna","05.09.2023"
"Jarhead","05.09.2023"
"Darkest Hour","24.08.2023"
"Finding You","02.08.2023"
"Baby Driver","31.07.2023"
"Jackass 4.5","27.07.2023"
"Jackass 3.5","26.07.2023"
"Brooklyn Nine-Nine: Sesong 1: The Vulture","21.07.2023"
"Inglourious Basterds","08.07.2023"
"Brooklyn Nine-Nine: Sesong 1: M.E. Time","08.07.2023"
"Brooklyn Nine-Nine: Sesong 1: The Slump","08.07.2023"
"Brooklyn Nine-Nine: Sesong 1: The Tagger","05.07.2023"
"Brooklyn Nine-Nine: Sesong 1: Pilotepisode","05.07.2023"
"På jakt etter seriemordere: Sesong 3: Ved veis ende: Jernbanemorderen","28.06.2023"
"Mission: Impossible - Rogue Nation","27.06.2023"
"På jakt etter seriemordere: Sesong 3: Nattskrekk: New Yorks Zodiac-morder","27.06.2023"
"Lucifer: Sesong 6: Save the Devil, Save the World","25.06.2023"
"Formula 1: Drive to Survive: Sesong 5: End of the Road","23.06.2023"
"Formula 1: Drive to Survive: Sesong 1: Trouble at the Top","23.06.2023"
"Stranger Things: Stranger Things 4: Kapittel ni: Rideturen","20.06.2023"
"Stranger Things: Stranger Things 4: Kapittel åtte: Pappa","20.06.2023"
"Stranger Things: Stranger Things 4: Kapittel sju: Massakren i Hawkins laboratorium","20.06.2023"
"Stranger Things: Stranger Things 4: Kapittel seks: Dykket","19.06.2023"
"Stranger Things: Stranger Things 4: Kapittel fem: Prosjekt Nina","19.06.2023"
"Stranger Things: Stranger Things 4: Kapittel fire: Kjære Billy","19.06.2023"
"Stranger Things: Stranger Things 4: Kapittel tre: Monsteret og superhelten","19.06.2023"
"Stranger Things: Stranger Things 4: Kapittel to: Vecnas forbannelse","19.06.2023"
"Stranger Things: Stranger Things 4: Kapittel én: Hellfire-klubben","18.06.2023"
"Stranger Things: Stranger Things 3: Kapittel åtte: Slaget ved Starcourt","18.06.2023"
"Stranger Things: Stranger Things 3: Kapittel sju: Bittet","18.06.2023"
"Stranger Things: Stranger Things 3: Kapittel seks: E pluribus unum","18.06.2023"
"Stranger Things: Stranger Things 3: Kapittel fem: Hjernesugerens armé","18.06.2023"
"Stranger Things: Stranger Things 3: Kapittel fire: Badstuetesten","16.06.2023"
"Stranger Things: Stranger Things 3: Kapittel tre: Badevakten som forsvant","15.06.2023"
"Stranger Things: Stranger Things 3: Kapittel to: Senterrottene","14.06.2023"
"Stranger Things: Stranger Things 3: Kapittel én: Suzie, hører du meg?","14.06.2023"
"Stranger Things: Stranger Things 2: Kapittel ni: Porten","13.06.2023"
"Stranger Things: Stranger Things 2: Kapittel åtte: Hjernesugeren","13.06.2023"
"Stranger Things: Stranger Things 2: Kapittel sju: Den forsvunne søsteren","13.06.2023"
"Stranger Things: Stranger Things 2: Kapittel seks: Spionen","13.06.2023"
"Stranger Things: Stranger Things 2: Kapittel fem: Dig Dug","13.06.2023"
"Formula 1: Drive to Survive: Sesong 1: The Art of War","12.06.2023"
"Lucifer: Sesong 6: My Best Fiend's Wedding","11.06.2023"
"Formula 1: Drive to Survive: Sesong 1: Redemption","11.06.2023"
"Formula 1: Drive to Survive: Sesong 1: The King of Spain","11.06.2023"
"Tour de France: Fra innsiden: Sesong 1: Veien til Paris","11.06.2023"
"Tour de France: Fra innsiden: Sesong 1: Alt for podiet","11.06.2023"
"Lucifer: Sesong 6: A Lot Dirtier Than That","11.06.2023"
"Tour de France: Fra innsiden: Sesong 1: Plan B","11.06.2023"
"Luther: The Fallen Sun","10.06.2023"
"Tour de France: Fra innsiden: Sesong 1: I full fart","10.06.2023"
"Tour de France: Fra innsiden: Sesong 1: Angrep, motangrep","09.06.2023"
"Tour de France: Fra innsiden: Sesong 1: Nasjonens ære","09.06.2023"
"Tour de France: Fra innsiden: Sesong 1: Velkommen til helvete","08.06.2023"
"Tour de France: Fra innsiden: Sesong 1: Grand Départ","08.06.2023"
"Stranger Things: Stranger Things 2: Kapittel fire: Vise Will","08.06.2023"
"Lucifer: Sesong 6: The Murder of Lucifer Morningstar","02.06.2023"
"Stranger Things: Stranger Things 2: Kapittel tre: Rumpetrollet","30.05.2023"
"Stranger Things: Stranger Things 2: Kapittel to: Knask eller knep, misfoster","29.05.2023"
"Stranger Things: Stranger Things 2: Kapittel én: MADMAX","29.05.2023"
"Stranger Things: Opp ned","29.05.2023"
"Lucifer: Sesong 6: Pin the Tail on the Daddy","28.05.2023"
"Lucifer: Sesong 6: Yabba Dabba Do Me","28.05.2023"
"Lucifer: Sesong 6: Buckets of Baggage","28.05.2023"
"Stranger Things: Badekaret","27.05.2023"
"Stranger Things: Monsteret","27.05.2023"
"Stranger Things: Loppen og akrobaten","25.05.2023"
"Stranger Things: Liket","25.05.2023"
"Lucifer: Sesong 6: Nothing Ever Changes Around Here","24.05.2023"
"Stranger Things: Julestemning","24.05.2023"
"Stranger Things: Raringen på Maple Street","23.05.2023"
"Lucifer: Sesong 5: A Chance at a Happy Ending","22.05.2023"
"Lucifer: Sesong 5: Is This Really How It's Going to End?!","22.05.2023"
"Lucifer: Sesong 3: Infernal Guinea Pig","22.05.2023"
"Lucifer: Sesong 5: Nothing Lasts Forever","20.05.2023"
"Lucifer: Sesong 5: A Little Harmless Stalking","19.05.2023"
"Lucifer: Sesong 5: Daniel Espinoza: Naked and Afraid","19.05.2023"
"Lucifer: Sesong 5: Resting Devil Face","19.05.2023"
"Lucifer: Sesong 5: Bloody Celestial Karaoke Jam","18.05.2023"
"Lucifer: Sesong 5: Family Dinner","18.05.2023"
"Lucifer: Sesong 5: Spoiler Alert","14.05.2023"
"Lucifer: Sesong 5: Our Mojo","14.05.2023"
"Lucifer: Sesong 5: BlueBallz","12.05.2023"
"Stranger Things: Will Byers forsvinner","11.05.2023"
"Sex/Life: Sesong 1: New New York","11.05.2023"
"Lucifer: Sesong 5: Detective Amenadiel","07.05.2023"
"Lucifer: Sesong 5: It Never Ends Well for the Chicken","07.05.2023"
"Lucifer: Sesong 5: ¡Diablo!","06.05.2023"
"Lucifer: Sesong 5: Lucifer! Lucifer! Lucifer!","05.05.2023"
"Lucifer: Sesong 5: Really Sad Devil Guy","04.05.2023"
"Lucifer: Sesong 4: Who's da New King of Hell?","03.05.2023"
"Lucifer: Sesong 4: Save Lucifer","03.05.2023"
"Lucifer: Sesong 4: Super Bad Boyfriend","02.05.2023"
"8 Mile","30.04.2023"
"Lucifer: Sesong 4: Devil Is as Devil Does","30.04.2023"
"Lucifer: Sesong 4: Orgy Pants to Work","30.04.2023"
"Lucifer: Sesong 4: Expire Erect","29.04.2023"
"Lucifer: Sesong 4: All About Eve","29.04.2023"
"Lucifer: Sesong 4: O, Ye of Little Faith, Father","28.04.2023"
"The Bourne Ultimatum","28.04.2023"
"The Bourne Supremacy","28.04.2023"
"Lucifer: Sesong 4: Somebody’s Been Reading Dante’s Inferno","24.04.2023"
"Lucifer: Sesong 4: Everything's Okay","24.04.2023"
"Lucifer: Sesong 3: Once Upon a Time","24.04.2023"
"Lucifer: Sesong 3: Boo Normal","24.04.2023"
"Lucifer: Sesong 3: A Devil of My Word","23.04.2023"
"Lucifer: Sesong 3: Quintessential Deckerstar","23.04.2023"
"Lucifer: Sesong 3: All Hands on Decker","23.04.2023"
"Inside Man","23.04.2023"
"Lucifer: Sesong 3: Anything Pierce Can Do I Can Do Better","23.04.2023"
"Lucifer: Sesong 3: The Angel of San Bernardino","23.04.2023"
"Lucifer: Sesong 3: Orange Is the New Maze","23.04.2023"
"Lucifer: Sesong 3: The Last Heartbreak","22.04.2023"
"Lucifer: Sesong 3: Let Pinhead Sing!","22.04.2023"
"Lucifer: Sesong 3: High School Poppycock","21.04.2023"
"Lucifer: Sesong 3: My Brother's Keeper","18.04.2023"
"Lucifer: Sesong 3: 'Til Death Do Us Part","16.04.2023"
"Django Unchained","16.04.2023"
"Lucifer: Sesong 3: All About Her","16.04.2023"
"Lucifer: Sesong 3: Mr. and Mrs. Mazikeen Smith","15.04.2023"
"Lucifer: Sesong 3: City of Angels?","15.04.2023"
"Lucifer: Sesong 3: The Sin Bin","15.04.2023"
"Lucifer: Sesong 3: The Sinnerman","15.04.2023"
"Lucifer: Sesong 3: Chloe Does Lucifer","14.04.2023"
"Lucifer: Sesong 3: Off the Record","14.04.2023"
"Lucifer: Sesong 3: Vegas with Some Radish","14.04.2023"
"Lucifer: Sesong 3: Welcome Back, Charlotte Richards","14.04.2023"
"The Hunger Games: Mockingjay - Part 2","11.04.2023"
"Lucifer: Sesong 3: What Would Lucifer Do?","10.04.2023"
"The Hunger Games: Mockingjay - Part 1","10.04.2023"
"Lucifer: Sesong 3: The One with the Baby Carrot","09.04.2023"
"The Hunger Games: Catching Fire","09.04.2023"
"Lucifer: Sesong 3: They're Back, Aren't They?","09.04.2023"
"Lucifer: Sesong 2: The Good, The Bad and The Crispy","09.04.2023"
"Lucifer: Sesong 2: Sympathy for the Goddess","09.04.2023"
"Lucifer: Sesong 2: God Johnson","09.04.2023"
"Lucifer: Sesong 2: Deceptive Little Parasite","09.04.2023"
"Lucifer: Sesong 2: Candy Morningstar","09.04.2023"
"The Hunger Games","08.04.2023"
"Lucifer: Sesong 2: A Good Day to Die","07.04.2023"
"Lucifer: Sesong 2: Love Handles","07.04.2023"
"Lucifer: Sesong 2: Stewardess Interruptus","07.04.2023"
"Lucifer: Sesong 2: Quid Pro Ho","06.04.2023"
"Lucifer: Sesong 2: Homewrecker","06.04.2023"
"Schumacher","06.04.2023"
"Lucifer: Sesong 2: Trip to Stabby Town","05.04.2023"
"Lucifer: Sesong 2: My Little Monkey","05.04.2023"
"Lucifer: Sesong 2: Monster","05.04.2023"
"Lucifer: Sesong 2: The Weaponizer","03.04.2023"
"Lucifer: Sesong 2: Lady Parts","03.04.2023"
"Lucifer: Sesong 2: Sin-Eater","03.04.2023"
"Lucifer: Sesong 2: Liar, Liar, Slutty Dress on Fire","02.04.2023"
"Lucifer: Sesong 2: Everything's Coming Up Lucifer","02.04.2023"
"Lucifer: Sesong 1: Take Me Back to Hell","02.04.2023"
"You: Sesong 4: Eat the Rich","02.04.2023"
"Lucifer: Sesong 1: #TeamLucifer","02.04.2023"
"Lucifer: Sesong 1: St. Lucifer","02.04.2023"
"You: Sesong 4: Portrait of the Artist","02.04.2023"
"Lucifer: Sesong 1: Pops","01.04.2023"
"Lucifer: Sesong 1: A Priest Walks into a Bar","01.04.2023"
"Lucifer: Sesong 1: Et Tu, Doctor?","01.04.2023"
"Lucifer: Sesong 1: Wingman","01.04.2023"
"Lucifer: Sesong 1: Favorite Son","01.04.2023"
"Lucifer: Sesong 1: Sweet Kicks","01.04.2023"
"Lucifer: Sesong 1: Manly Whatnots","01.04.2023"
"Lucifer: Sesong 1: The Would-Be Prince of Darkness","01.04.2023"
"Lucifer: Sesong 1: Lucifer, Stay. Good Devil.","31.03.2023"
"Lucifer: Sesong 1: Pilotepisode","31.03.2023"
"The Good Nurse","28.03.2023"
"Sex/Life: Sesong 1: Empire State of Mind","23.03.2023"
"Sex/Life: Sesong 1: Down in the Tube Station at Midnight","22.03.2023"
"Sex/Life: Sesong 1: The Wives Are in Connecticut","21.03.2023"
"The Sons of Sam: Ned i mørket: Miniserie: Catch .44","21.03.2023"
"The Sons of Sam: Ned i mørket: Miniserie: Kaninhull","20.03.2023"
"The Sons of Sam: Ned i mørket: Miniserie: Ultimate Evil","20.03.2023"
"The Sons of Sam: Ned i mørket: Miniserie: Hallo fra rennesteinen","19.03.2023"
"Murdaugh-drapene: En sørstatsskandale: Sesong 1: Hvor er Mallory?","19.03.2023"
"Sex Education: Sesong 2: Episode 3","15.03.2023"
"Sex Education: Sesong 2: Episode 2","15.03.2023"
"MH370: Flyet som forsvant: Miniserie: Avskjæringen","14.03.2023"
"MH370: Flyet som forsvant: Miniserie: Kapringen","14.03.2023"
"MH370: Flyet som forsvant: Miniserie: Piloten","14.03.2023"
"Sex Education: Sesong 2: Episode 1","14.03.2023"
"Sex Education: Sesong 1: Episode 8","13.03.2023"
"Sex Education: Sesong 1: Episode 7","13.03.2023"
"Sex Education: Sesong 1: Episode 6","12.03.2023"
"Sex Education: Sesong 1: Episode 3","12.03.2023"
"Sex Education: Sesong 1: Episode 5","12.03.2023"
"Sex Education: Sesong 1: Episode 4","12.03.2023"
"American Made","12.03.2023"
"Sex Education: Sesong 1: Episode 2","12.03.2023"
"Sex Education: Sesong 1: Episode 1","12.03.2023"
"Friends with Benefits","28.02.2023"
"Formula 1: Drive to Survive: Sesong 5: Over The Limit","27.02.2023"
"Formula 1: Drive to Survive: Sesong 5: Alpha Male","26.02.2023"
"Formula 1: Drive to Survive: Sesong 5: Hot Seat","26.02.2023"
"Formula 1: Drive to Survive: Sesong 5: Nice Guys Finish Last","26.02.2023"
"Formula 1: Drive to Survive: Sesong 5: Pardon My French","26.02.2023"
"Formula 1: Drive to Survive: Sesong 5: Like Father, Like Son?","26.02.2023"
"Formula 1: Drive to Survive: Sesong 5: Matter of Principal","24.02.2023"
"Formula 1: Drive to Survive: Sesong 5: Bounce Back","24.02.2023"
"Formula 1: Drive to Survive: Sesong 5: The New Dawn","24.02.2023"
"Outer Banks: Sesong 1: The Lucky Compass","24.02.2023"
"You: Sesong 4: Joe Takes a Holiday","22.02.2023"
"Strategisk kjærlighet","19.02.2023"
"Jurassic World","18.02.2023"
"Legend","16.02.2023"
"The Yorkshire Ripper: Miniserie: Ut av skyggen","09.02.2023"
"The Yorkshire Ripper: Miniserie: Ta natten tilbake","07.02.2023"
"The Yorkshire Ripper: Miniserie: Fra nå til daggry","06.02.2023"
"The Yorkshire Ripper: Miniserie: Det var en gang i Yorkshire","05.02.2023"
"Peaky Blinders: Sesong 6: Lock and Key","05.02.2023"
"Peaky Blinders: Sesong 6: The Road to Hell","05.02.2023"
"Peaky Blinders: Sesong 6: Sapphire","05.02.2023"
"Peaky Blinders: Sesong 6: Gold","05.02.2023"
"Peaky Blinders: Sesong 6: Black Shirt","03.02.2023"
"Peaky Blinders: Sesong 6: Black Day","01.02.2023"
"Peaky Blinders: Sesong 5: Mr Jones","01.02.2023"
"Peaky Blinders: Sesong 5: The Shock","01.02.2023"
"Peaky Blinders: Sesong 5: The Loop","01.02.2023"
"Anne Frank, min bestevenninne","31.01.2023"
"Peaky Blinders: Sesong 5: Strategy","31.01.2023"
"Peaky Blinders: Sesong 5: Black Cats","30.01.2023"
"Peaky Blinders: Sesong 5: Black Tuesday","30.01.2023"
"Peaky Blinders: Sesong 4: The Company","29.01.2023"
"Peaky Blinders: Sesong 4: The Duel","27.01.2023"
"Peaky Blinders: Sesong 3: Episode 5","27.01.2023"
"Peaky Blinders: Sesong 4: Dangerous","26.01.2023"
"Peaky Blinders: Sesong 4: Blackbird","26.01.2023"
"Peaky Blinders: Sesong 4: The Noose","26.01.2023"
"Peaky Blinders: Sesong 4: Heathens","25.01.2023"
"Dragetreneren 2","22.01.2023"
"Dragetreneren","20.01.2023"
"Transformers","20.01.2023"
"Peaky Blinders: Sesong 3: Episode 1","19.01.2023"
"Peaky Blinders: Sesong 3: Episode 3","19.01.2023"
"Peaky Blinders: Sesong 3: Episode 6","19.01.2023"
"Peaky Blinders: Sesong 3: Episode 4","18.01.2023"
"Peaky Blinders: Sesong 3: Episode 2","17.01.2023"
"Peaky Blinders: Sesong 2: Episode 6","16.01.2023"
"Peaky Blinders: Sesong 2: Episode 5","16.01.2023"
"Peaky Blinders: Sesong 2: Episode 4","16.01.2023"
"Peaky Blinders: Sesong 2: Episode 3","15.01.2023"
"Peaky Blinders: Sesong 2: Episode 2","15.01.2023"
"Peaky Blinders: Sesong 2: Episode 1","15.01.2023"
"Peaky Blinders: Sesong 1: Episode 6","14.01.2023"
"Peaky Blinders: Sesong 1: Episode 5","13.01.2023"
"Peaky Blinders: Sesong 1: Episode 4","13.01.2023"
"Peaky Blinders: Sesong 1: Episode 3","12.01.2023"
"Peaky Blinders: Sesong 1: Episode 2","12.01.2023"
"Peaky Blinders: Sesong 1: Episode 1","12.01.2023"
"The Pale Blue Eye","12.01.2023"
"Cast Away","02.01.2023"
"Fangio – Mannen som temmet maskinene","01.01.2023"
"High Score: Videospillenes gullalder: Miniserie: Neste nivå","31.12.2022"
"High Score: Videospillenes gullalder: Miniserie: Kamp!","30.12.2022"
"High Score: Videospillenes gullalder: Miniserie: Konsollkrig","30.12.2022"
"High Score: Videospillenes gullalder: Miniserie: Rollespillere","30.12.2022"
"High Score: Videospillenes gullalder: Miniserie: Comeback kid","30.12.2022"
"High Score: Videospillenes gullalder: Miniserie: Videospillboomen","28.12.2022"
"The Saturn V Story","28.12.2022"
"Vulkanen: Utbruddet på Whakaari","28.12.2022"
"","28.12.2022"
"Ikke ta telefonen: Miniserie: Episode 1","28.12.2022"
"Solan og Ludvig: Herfra til Flåklypa","26.12.2022"
"Solan og Ludvig: Jul i Flåklypa","26.12.2022"
"1899: Sesong 1: Nøkkelen","02.12.2022"
"1899: Sesong 1: Stormen","02.12.2022"
"1899: Sesong 1: Pyramiden","01.12.2022"
"1899: Sesong 1: Kallet","27.11.2022"
"1899: Sesong 1: Kampen","27.11.2022"
"1899: Sesong 1: Tåken","27.11.2022"
"1899: Sesong 1: Gutten","27.11.2022"
"1899: Sesong 1: Skipet","27.11.2022"
"The Playlist: Miniserie: The Partner","17.11.2022"
"The Playlist: Miniserie: The Coder","15.11.2022"
"The Playlist: Miniserie: The Law","15.11.2022"
"The Playlist: Miniserie: The Industry","15.11.2022"
"The Playlist: Miniserie: The Vision","14.11.2022"
"Sannheten om FIFA: Miniserie: Episode 1","11.11.2022"
"Enola Holmes 2","06.11.2022"
"2. verdenskrig i farger: Veien mot seier: Sesong 1: Dunkerque","06.11.2022"
"Intet nytt fra vestfronten","30.10.2022"
"Into the Deep","27.10.2022"
"21","19.10.2022"
"The Social Network","14.10.2022"
"The Devil Next Door: Miniserie: The Devil Lives in Cleveland","05.10.2022"
"Dahmer: Monster: Historien om Jeffrey Dahmer: Tilgivelse eller hevn","04.10.2022"
"Dahmer: Monster: Historien om Jeffrey Dahmer: Hjemsøkt","04.10.2022"
"Dahmer: Monster: Historien om Jeffrey Dahmer: Lionel","03.10.2022"
"Dahmer: Monster: Historien om Jeffrey Dahmer: Kassandra","03.10.2022"
"Dahmer: Monster: Historien om Jeffrey Dahmer: Taushet","03.10.2022"
"Dahmer: Monster: Historien om Jeffrey Dahmer: Blod på hendene","03.10.2022"
"Formula 1: Drive to Survive: Sesong 4: Tipping Point","03.10.2022"
"Formula 1: Drive to Survive: Sesong 4: Ace in the Hole","03.10.2022"
"Gilmore Girls: Sesong 5: How Many Kropogs to Cape Cod?","03.10.2022"
"Gilmore Girls: Sesong 5: But I'm a Gilmore","03.10.2022"
"Formula 1: Drive to Survive: Sesong 4: Clash of the Titans","02.10.2022"
"Gilmore Girls: Sesong 5: To Live and Let Diorama","02.10.2022"
"Gilmore Girls: Sesong 5: Pulp Friction","02.10.2022"
"Gilmore Girls: Sesong 5: So...Good Talk","02.10.2022"
"Gilmore Girls: Sesong 5: Jews and Chinese Food","02.10.2022"
"Gilmore Girls: Sesong 5: Say Something","02.10.2022"
"Gilmore Girls: Sesong 5: Wedding Bell Blues","02.10.2022"
"Gilmore Girls: Sesong 5: Come Home","02.10.2022"
"Gilmore Girls: Sesong 5: Women of Questionable Morals","02.10.2022"
"Gilmore Girls: Sesong 5: But Not As Cute As Pushkin","02.10.2022"
"Gilmore Girls: Sesong 5: Emily Says 'Hello'","02.10.2022"
"Gilmore Girls: Sesong 5: The Party's Over","02.10.2022"
"Gilmore Girls: Sesong 5: You Jump, I Jump, Jack","02.10.2022"
"Gilmore Girls: Sesong 5: Norman Mailer, I'm Pregnant","02.10.2022"
"Gilmore Girls: Sesong 5: We Got Us a Pippi Virgin","02.10.2022"
"Gilmore Girls: Sesong 5: Tippecanoe and Taylor, Too","02.10.2022"
"Gilmore Girls: Sesong 5: Written in the Stars","02.10.2022"
"Gilmore Girls: Sesong 1: That Damn Donna Reed","02.10.2022"
"Gilmore Girls: Sesong 1: Concert Interruptus","02.10.2022"
"Gilmore Girls: Sesong 1: Double Date","02.10.2022"
"Gilmore Girls: Sesong 1: Paris is Burning","02.10.2022"
"Gilmore Girls: Sesong 1: Forgiveness and Stuff","02.10.2022"
"Gilmore Girls: Sesong 1: Rory's Dance","02.10.2022"
"Gilmore Girls: Sesong 1: Love & War & Snow","02.10.2022"
"Gilmore Girls: Sesong 1: Kiss and Tell","02.10.2022"
"Gilmore Girls: Sesong 1: Rory's Birthday Parties","02.10.2022"
"Gilmore Girls: Sesong 1: Cinnamon's Wake","02.10.2022"
"Gilmore Girls: Sesong 1: The Deer Hunters","02.10.2022"
"Gilmore Girls: Sesong 1: Kill Me Now","02.10.2022"
"Gilmore Girls: Sesong 1: The Lorelais' First Day at Chilton","02.10.2022"
"Gilmore Girls: Sesong 1: Pilotepisode","02.10.2022"
"After We Collided","02.10.2022"
"Gilmore Girls: Sesong 5: Blame Booze and Melville","02.10.2022"
"Dahmer: Monster: Historien om Jeffrey Dahmer: Boksen","01.10.2022"
"Dahmer: Monster: Historien om Jeffrey Dahmer: Gjøre en Dahmer","01.10.2022"
"Dahmer: Monster: Historien om Jeffrey Dahmer: Please Don't Go","30.09.2022"
"Dahmer: Monster: Historien om Jeffrey Dahmer: Episode én","30.09.2022"
"Fight Club","25.09.2022"
"Freud: Sesong 1: Hysteri","24.09.2022"
"Don't Look Up","17.09.2022"
"Ronnie Coleman: The King","16.09.2022"
"Challenger: Den siste reisen: Miniserie: Det ender ikke her","14.09.2022"
"Challenger: Den siste reisen: Miniserie: En stor feil","13.09.2022"
"Challenger: Den siste reisen: Miniserie: HJELP!","13.09.2022"
"Challenger: Den siste reisen: Miniserie: Verdensrommet er for alle","13.09.2022"
"Apollo Astronauts: Training Nasa's Moon Men","12.09.2022"
"Transformers: The Last Knight","09.09.2022"
"Transformers: Age of Extinction","08.09.2022"
"Regnmakeren","03.09.2022"
"Transformers: De beseirede slår tilbake","02.09.2022"
"Running with the Devil: The Wild World of John McAfee","28.08.2022"
"Katastrofalt: Woodstock '99: Hvordan i all verden kunne dette skje?","21.08.2022"
"Breaking Bad: Sesong 5: Felina","20.08.2022"
"Breaking Bad: Sesong 5: Granite State","20.08.2022"
"Breaking Bad: Sesong 5: Ozymandias","20.08.2022"
"Breaking Bad: Sesong 5: To'hajiilee","19.08.2022"
"Breaking Bad: Sesong 5: Rabid Dog","18.08.2022"
"Sandman: Sesong 1: De rettferdiges søvn","15.08.2022"
"Breaking Bad: Sesong 5: Confessions","13.08.2022"
"Breaking Bad: Sesong 5: Buried","11.08.2022"
"Breaking Bad: Sesong 5: Blood Money","11.08.2022"
"Breaking Bad: Sesong 5: Gliding Over All","11.08.2022"
"Breaking Bad: Sesong 5: Say My Name","11.08.2022"
"Breaking Bad: Sesong 5: Buyout","10.08.2022"
"Breaking Bad: Sesong 5: Dead Freight","10.08.2022"
"Breaking Bad: Sesong 5: Fifty-One","09.08.2022"
"Breaking Bad: Sesong 5: Hazard Pay","09.08.2022"
"Breaking Bad: Sesong 5: Madrigal","09.08.2022"
"Breaking Bad: Sesong 5: Live Free Or Die","08.08.2022"
"Breaking Bad: Sesong 4: Face Off","08.08.2022"
"Breaking Bad: Sesong 4: End Times","08.08.2022"
"The Spider’s Web: Britain’s Second Empire","06.08.2022"
"Run","06.08.2022"
"Breaking Bad: Sesong 4: Crawl Space","05.08.2022"
"Breaking Bad: Sesong 4: Salud","05.08.2022"
"Breaking Bad: Sesong 4: Bug","05.08.2022"
"Breaking Bad: Sesong 4: Hermanos","04.08.2022"
"Breaking Bad: Sesong 4: Problem Dog","04.08.2022"
"The Guilty","30.07.2022"
"Breaking Bad: Sesong 4: Cornered","28.07.2022"
"Breaking Bad: Sesong 4: Shotgun","28.07.2022"
"Breaking Bad: Sesong 4: Bullet Points","28.07.2022"
"Breaking Bad: Sesong 4: Open House","27.07.2022"
"Breaking Bad: Sesong 4: Thirty-Eight Snub","27.07.2022"
"American Psycho","25.07.2022"
"The Wolf of Wall Street","25.07.2022"
"Breaking Bad: Sesong 4: Box Cutter","25.07.2022"
"Breaking Bad: Sesong 3: Full Measure","25.07.2022"
"Breaking Bad: Sesong 3: Half Measures","25.07.2022"
"American Murder: Mord i nabolaget","24.07.2022"
"Manifest: Sesong 1: Pilotepisode","24.07.2022"
"28 dager","08.07.2022"
"Our Planet – Vårt utrolige hjem: Jungler","05.07.2022"
"Michael Jordan: Den siste dansen: Miniserie: Episode X","29.06.2022"
"Michael Jordan: Den siste dansen: Miniserie: Episode IX","29.06.2022"
"Michael Jordan: Den siste dansen: Miniserie: Episode VIII","27.06.2022"
"Michael Jordan: Den siste dansen: Miniserie: Episode VII","27.06.2022"
"Michael Jordan: Den siste dansen: Miniserie: Episode VI","27.06.2022"
"Michael Jordan: Den siste dansen: Miniserie: Episode V","27.06.2022"
"Michael Jordan: Den siste dansen: Miniserie: Episode IV","27.06.2022"
"Michael Jordan: Den siste dansen: Miniserie: Episode III","27.06.2022"
"Michael Jordan: Den siste dansen: Miniserie: Episode II","27.06.2022"
"Michael Jordan: Den siste dansen: Miniserie: Episode I","26.06.2022"
"Breaking Bad: Sesong 3: Abiquiu","26.06.2022"
"Breaking Bad: Sesong 3: Fly","26.06.2022"
"Breaking Bad: Sesong 3: Kafkaesque","26.06.2022"
"Breaking Bad: Sesong 3: I See You","26.06.2022"
"Breaking Bad: Sesong 3: One Minute","25.06.2022"
"Breaking Bad: Sesong 3: I.F.T.","25.06.2022"
"Breaking Bad: Sesong 3: Sunset","25.06.2022"
"Breaking Bad: Sesong 3: Mas","24.06.2022"
"Breaking Bad: Sesong 3: Green Light","24.06.2022"
"Breaking Bad: Sesong 3: Caballo Sin Nombre","23.06.2022"
"Breaking Bad: Sesong 3: No Más","23.06.2022"
"Breaking Bad: Sesong 2: ABQ","23.06.2022"
"Breaking Bad: Sesong 2: Phoenix","23.06.2022"
"Breaking Bad: Sesong 2: Mandala","23.06.2022"
"Breaking Bad: Sesong 2: Over","23.06.2022"
"Breaking Bad: Sesong 2: 4 Days Out","23.06.2022"
"Breaking Bad: Sesong 2: Better Call Saul","22.06.2022"
"Breaking Bad: Sesong 2: Negro y Azul","21.06.2022"
"Breaking Bad: Sesong 2: Peekaboo","21.06.2022"
"Breaking Bad: Sesong 2: Breakage","21.06.2022"
"Breaking Bad: Sesong 2: Down","21.06.2022"
"Breaking Bad: Sesong 2: Bit by a Dead Bee","20.06.2022"
"Breaking Bad: Sesong 2: Grilled","20.06.2022"
"Breaking Bad: Sesong 2: Seven Thirty-Seven","20.06.2022"
"Breaking Bad: Sesong 1: A No-Rough-Stuff-Type Deal","20.06.2022"
"Breaking Bad: Sesong 1: Crazy Handful of Nothin'","20.06.2022"
"Breaking Bad: Sesong 1: Gray Matter","19.06.2022"
"Breaking Bad: Sesong 1: Cancer Man","19.06.2022"
"Breaking Bad: Sesong 1: And the Bag's in the River","18.06.2022"
"Breaking Bad: Sesong 1: The Cat's in the Bag","18.06.2022"
"Breaking Bad: Sesong 1: Pilotepisode","09.06.2022"
"Baywatch","19.05.2022"
"Our Planet – Vårt utrolige hjem: Tilfrosne verdener","04.05.2022"
"Our Planet – Vårt utrolige hjem: Én planet","01.05.2022"
"Nightcrawler","29.04.2022"
"Orange Is the New Black: Sesong 3: Ikke tving meg til å reise meg","28.04.2022"
"Orange Is the New Black: Sesong 3: En ordentlig helt","28.04.2022"
"Orange Is the New Black: Sesong 3: Når knopper brister","27.04.2022"
"365 Days: This Day","27.04.2022"
"Prisoners","25.04.2022"
"Narcos: Sesong 2: Deutschland 93","23.03.2022"
"Narcos: Sesong 2: Los Pepes","20.03.2022"
"Narcos: Sesong 2: Min fiendes fiender","20.03.2022"
"Narcos: Sesong 2: Den gode, den onde og den døde","18.03.2022"
"Narcos: Sesong 2: Vår mann i Madrid","18.03.2022"
"Narcos: Sesong 2: Cambalache","18.03.2022"
"Narcos: Sesong 2: Endelig fri","18.03.2022"
"Formula 1: Drive to Survive: Sesong 4: Hard Racing","13.03.2022"
"Formula 1: Drive to Survive: Sesong 4: Dances With Wolff","13.03.2022"
"Formula 1: Drive to Survive: Sesong 4: Gloves Are Off","12.03.2022"
"Formula 1: Drive to Survive: Sesong 4: Growing Pains","12.03.2022"
"Formula 1: Drive to Survive: Sesong 4: A Point to Prove","12.03.2022"
"Formula 1: Drive to Survive: Sesong 4: Staying Alive","11.03.2022"
"Formula 1: Drive to Survive: Sesong 4: A Mountain to Climb","11.03.2022"
"Fury","10.03.2022"
"Marriage Story","08.03.2022"
"Hobbiten: Femhærerslaget","05.03.2022"
"Hobbiten: Smaugs ødemark","05.03.2022"
"Hobbiten – En uventet reise","04.03.2022"
"Forrest Gump","02.03.2022"
"The Bourne Identity","24.02.2022"
"Tinder-svindleren","15.02.2022"
"Bohemian Rhapsody","14.02.2022"
"På jakt etter seriemordere: Sesong 2: Savnede menn – del 2: Toronto Village-morderen","13.02.2022"
"På jakt etter seriemordere: Sesong 2: Savnede menn – del 1: Toronto Village-morderen","13.02.2022"
"På jakt etter seriemordere: Sesong 2: Lystdrap: Serieskytteren i Phoenix","12.02.2022"
"På jakt etter seriemordere: Sesong 2: Bind, torturer og drep: BTK","12.02.2022"
"After Life: Sesong 3: Episode 6","12.02.2022"
"After Life: Sesong 3: Episode 5","11.02.2022"
"After Life: Sesong 3: Episode 4","11.02.2022"
"After Life: Sesong 3: Episode 3","11.02.2022"
"After Life: Sesong 3: Episode 2","11.02.2022"
"After Life: Sesong 3: Episode 1","11.02.2022"
"After Life: Sesong 2: Episode 6","10.02.2022"
"After Life: Sesong 2: Episode 5","10.02.2022"
"After Life: Sesong 2: Episode 4","10.02.2022"
"After Life: Sesong 2: Episode 3","10.02.2022"
"After Life: Sesong 2: Episode 2","10.02.2022"
"After Life: Sesong 2: Episode 1","10.02.2022"
"After Life: Sesong 1: Episode 6","09.02.2022"
"After Life: Sesong 1: Episode 5","09.02.2022"
"After Life: Sesong 1: Episode 4","09.02.2022"
"After Life: Sesong 1: Episode 3","08.02.2022"
"After Life: Sesong 1: Episode 2","08.02.2022"
"After Life: Sesong 1: Episode 1","08.02.2022"
"Åstedet: Seriemorderen på Times Square: Miniserie: Slutten på en epoke","01.02.2022"
"Åstedet: Seriemorderen på Times Square: Miniserie: Den perfekte jaktmark","01.02.2022"
"Sexify: Sesong 1: Episode 1","30.01.2022"
"Åstedet: Seriemorderen på Times Square: Miniserie: Mord på 42. gate","28.01.2022"
"På jakt etter seriemordere: Sesong 1: Sanne løgner – del 2: Smilefjesmorderen","25.01.2022"
"På jakt etter seriemordere: Sesong 1: Sanne løgner – del 1: Smilefjesmorderen","25.01.2022"
"Jane the Virgin: Sesong 1: Kapittel 1: Pilot","24.01.2022"
"På jakt etter seriemordere: Sesong 1: Manndreper: Aileen Wuornos","24.01.2022"
"På jakt etter seriemordere: Sesong 1: Dødstall: Green River-morderen","23.01.2022"
"The Perfect Man","18.01.2022"
"Formula 1: Drive to Survive: Sesong 3: Down to the Wire","12.01.2022"
"Formula 1: Drive to Survive: Sesong 3: Man On Fire","12.01.2022"
"Formula 1: Drive to Survive: Sesong 3: No Regrets","11.01.2022"
"Formula 1: Drive to Survive: Sesong 3: Guenther's Choice","11.01.2022"
"Formula 1: Drive to Survive: Sesong 3: The End of the Affair","09.01.2022"
"Formula 1: Drive to Survive: Sesong 3: We Need to Talk About Ferrari","09.01.2022"
"Blue Lagoon: The Awakening","09.01.2022"
"Formula 1: Drive to Survive: Sesong 3: Nobody's Fool","07.01.2022"
"Formula 1: Drive to Survive: Sesong 3: Back On Track","07.01.2022"
"Formula 1: Drive to Survive: Sesong 3: Cash Is King","07.01.2022"
"Hvordan bli dumpet på 10 dager","07.01.2022"
"Keeping Up with the Kardashians: Sesong 8: Greece Is The Word","06.01.2022"
"Formula 1: Drive to Survive: Sesong 2: Checkered Flag","06.01.2022"
"Formula 1: Drive to Survive: Sesong 2: Blood, Sweat & Tears","06.01.2022"
"Keeping Up with the Kardashians: Sesong 8: Agree to Disagree","06.01.2022"
"Keeping Up with the Kardashians: Sesong 8: Enough Is Enough","05.01.2022"
"Keeping Up with the Kardashians: Sesong 8: We're Having A Baby","05.01.2022"
"Formula 1: Drive to Survive: Sesong 2: Musical Chairs","05.01.2022"
"Keeping Up with the Kardashians: Sesong 5: The Missing Ring","05.01.2022"
"Keeping Up with the Kardashians: Sesong 5: Blind Date","04.01.2022"
"Keeping Up with the Kardashians: Sesong 5: Kim's House Party","04.01.2022"
"Emily in Paris: Sesong 2: Voulez-Vous Coucher Avec Moi?","04.01.2022"
"Spider-Man 3","04.01.2022"
"Spider-Man 2","03.01.2022"
"Formula 1: Drive to Survive: Sesong 2: Seeing Red","03.01.2022"
"Formula 1: Drive to Survive: Sesong 2: Raging Bulls","01.01.2022"
"Formula 1: Drive to Survive: Sesong 2: Great Expectations","01.01.2022"
"Formula 1: Drive to Survive: Sesong 2: Dark Days","01.01.2022"
"Formula 1: Drive to Survive: Sesong 2: Dogfight","01.01.2022"
"Formula 1: Drive to Survive: Sesong 2: Boiling Point","31.12.2021"
"Formula 1: Drive to Survive: Sesong 2: Lights Out","30.12.2021"
"Formula 1: Drive to Survive: Sesong 1: Crossing the Line","30.12.2021"
"Formula 1: Drive to Survive: Sesong 1: Stars and Stripes","29.12.2021"
"Formula 1: Drive to Survive: Sesong 1: The Next Generation","29.12.2021"
"Formula 1: Drive to Survive: Sesong 1: Keeping Your Head","29.12.2021"
"Formula 1: Drive to Survive: Sesong 1: All or Nothing","29.12.2021"
"The Office (U.S.): Sesong 4: Money","09.12.2021"
"The Office (U.S.): Sesong 4: Launch Party","09.12.2021"
"The Office (U.S.): Sesong 4: Dunder Mifflin Infinity","09.12.2021"
"What Happens in Vegas","21.11.2021"
"The Office (U.S.): Sesong 4: Fun Run","20.11.2021"
"The Edge of Seventeen","06.11.2021"
"You: Sesong 3: What Is Love?","28.10.2021"
"You: Sesong 3: Red Flag","27.10.2021"
"You: Sesong 3: Swing and a Miss","24.10.2021"
"You: Sesong 3: We're All Mad Here","24.10.2021"
"You: Sesong 3: W.O.M.B.","23.10.2021"
"You: Sesong 3: Into the Woods","22.10.2021"
"You: Sesong 3: Hands Across Madre Linda","22.10.2021"
"You: Sesong 3: Missing White Woman Syndrome","20.10.2021"
"You: Sesong 3: So I Married an Axe Murderer","19.10.2021"
"You: Sesong 3: And They Lived Happily Ever After","19.10.2021"
"Bring It On","14.10.2021"
"Redd menig Ryan","12.10.2021"
"Squid Game: Sesong 1: Helvete","11.10.2021"
"Love Actually","11.10.2021"
"Squid Game: Sesong 1: Rødt lys","10.10.2021"
"Lovlig blond","07.10.2021"
"Squid Game: Sesong 1: En velsignet dag","03.10.2021"
"Squid Game: Sesong 1: Frontmann","03.10.2021"
"Squid Game: Sesong 1: VIP-er","02.10.2021"
"Squid Game: Sesong 1: Gganbu","02.10.2021"
"Squid Game: Sesong 1: En rettferdig verden","02.10.2021"
"Squid Game: Sesong 1: Hold deg til laget","02.10.2021"
"Squid Game: Sesong 1: Mannen med paraplyen","02.10.2021"
"Scorpion: Sesong 1: Plutonium Is Forever","27.09.2021"
"Scorpion: Sesong 1: Shorthanded","26.09.2021"
"Indiana Jones og krystallhodeskallens rike","24.09.2021"
"Indiana Jones og det siste korstog","24.09.2021"
"Indiana Jones og jakten på den forsvunne skatten","22.09.2021"
"The Big Short","20.09.2021"
"Sex Education: Sesong 3: Episode 8","18.09.2021"
"Sex Education: Sesong 3: Episode 7","17.09.2021"
"Sex Education: Sesong 3: Episode 6","17.09.2021"
"Sex Education: Sesong 3: Episode 5","17.09.2021"
"Sex Education: Sesong 3: Episode 4","17.09.2021"
"Sex Education: Sesong 3: Episode 3","17.09.2021"
"Sex Education: Sesong 3: Episode 2","17.09.2021"
"Sex Education: Sesong 3: Episode 1","17.09.2021"
"Conversations with a Killer: The Ted Bundy Tapes: Miniserie: Det er ikke min tur til å passe på ham","11.09.2021"
"Conversations with a Killer: The Ted Bundy Tapes: Miniserie: En av oss","09.09.2021"
"Conversations with a Killer: The Ted Bundy Tapes: Miniserie: En kjekk satan","09.09.2021"
"Bratz: The Movie","07.09.2021"
"Afterlife of the Party","02.09.2021"
"He's All That","02.09.2021"
"The Office (U.S.): Sesong 3: The Return","01.09.2021"
"The Office (U.S.): Sesong 3: Traveling Salesmen","01.09.2021"
"Atypical: Sesong 1: Antarctica","23.08.2021"
"Deepwater Horizon","19.08.2021"
"Kyss meg en tredje gang","13.08.2021"
"The Holiday","11.08.2021"
"Den talentfulle mr. Ripley","09.08.2021"
"Formula 1: Drive to Survive: Sesong 3: The Comeback Kid","04.08.2021"
"Notting Hill","23.07.2021"
"Virgin River: Sesong 2: Out of the Past","18.07.2021"
"Virgin River: Sesong 2: Can’t Let Go","18.07.2021"
"Virgin River: Sesong 2: Rumor Has It","16.07.2021"
"Virgin River: Sesong 2: Taken by Surprise","14.07.2021"
"Virgin River: Sesong 2: The Morning After","13.07.2021"
"Now You See Me 2","26.06.2021"
"The Office (U.S.): Sesong 3: Back from Vacation","26.06.2021"
"The Office (U.S.): Sesong 3: A Benihana Christmas","24.06.2021"
"Gilmore Girls: Sesong 7: Lorelai? Lorelai?","22.06.2021"
"Gilmore Girls: Sesong 7: It's Just Like Riding a Bike","22.06.2021"
"Julie and the Phantoms: Sesong 1: Jeg skal stå rak","08.06.2021"
"Julie and the Phantoms: Sesong 1: Usagt Emily","07.06.2021"
"Julie and the Phantoms: Sesong 1: På kanten av storhet","07.06.2021"
"Julie and the Phantoms: Sesong 1: Endelig fri","07.06.2021"
"Julie and the Phantoms: Sesong 1: På den andre siden av Hollywood","07.06.2021"
"Julie and the Phantoms: Sesong 1: Jeg har fått musikken tilbake","07.06.2021"
"Julie and the Phantoms: Sesong 1: Jeg flyr solo","07.06.2021"
"Julie and the Phantoms: Sesong 1: Skinne sammen","07.06.2021"
"Julie and the Phantoms: Sesong 1: Våkn opp","07.06.2021"
"Everest","02.06.2021"
"Gilmore Girls: Sesong 7: Hay Bale Maze","01.06.2021"
"Fifty Shades of Grey","23.05.2021"
"Gilmore Girls: Sesong 7: Gilmore Girls Only","23.05.2021"
"Gilmore Girls: Sesong 7: Will You Be My Lorelai Gilmore?","23.05.2021"
"Gilmore Girls: Sesong 7: I'm a Kayak, Hear Me Roar","23.05.2021"
"Gilmore Girls: Sesong 7: Farewell, My Pet","22.05.2021"
"Gilmore Girls: Sesong 7: I'd Rather Be in Philadelphia","19.05.2021"
"Gilmore Girls: Sesong 7: To Whom It May Concern","19.05.2021"
"Det kvinner vil ha","17.05.2021"
"Gilmore Girls: Sesong 7: Santa's Secret Stuff","17.05.2021"
"Gilmore Girls: Sesong 7: Merry Fisticuffs","17.05.2021"
"Gilmore Girls: Sesong 7: Knit, People, Knit","17.05.2021"
"Gilmore Girls: Sesong 7: Introducing Lorelai Planetarium","10.05.2021"
"Gilmore Girls: Sesong 7: French Twist","27.04.2021"
"Rick and Morty: Sesong 1: M. Night Shaym-Aliens!","24.04.2021"
"Steve Jobs","24.04.2021"
"Paddington","23.04.2021"
"Rick and Morty: Sesong 1: Rick Potion #9","23.04.2021"
"Hvorfor drepte du meg?","20.04.2021"
"Gilmore Girls: Sesong 7: Go Bulldogs!","19.04.2021"
"Et år med Gilmore Girls: Miniserie: Vinter","19.04.2021"
"How I Met Your Mother: Sesong 1: Pilotepisode","16.04.2021"
"Gilmore Girls: Sesong 7: The Great Stink","11.04.2021"
"Gilmore Girls: Sesong 7: 'S Wonderful, 'S Marvelous","11.04.2021"
"En Askepotthistorie","11.04.2021"
"Paddington 2","11.04.2021"
"Brooklyn Nine-Nine: Sesong 7: Debbie","08.04.2021"
"Brooklyn Nine-Nine: Sesong 7: The Jimmy Jab Games II","08.04.2021"
"Brooklyn Nine-Nine: Sesong 7: Pimemento","08.04.2021"
"Brooklyn Nine-Nine: Sesong 7: Captain Kim","08.04.2021"
"Brooklyn Nine-Nine: Sesong 7: Manhunter","07.04.2021"
"Gilmore Girls: Sesong 7: Lorelai's First Cotillion","06.04.2021"
"Gilmore Girls: Sesong 7: That's What You Get, Folks, For Makin' Whoopie","06.04.2021"
"Gilmore Girls: Sesong 7: The Long Morrow","06.04.2021"
"Gilmore Girls: Sesong 6: Partings","06.04.2021"
"Gilmore Girls: Sesong 6: Driving Miss Gilmore","06.04.2021"
"Gilmore Girls: Sesong 6: Super Cool Party People","03.04.2021"
"Jurassic Park","31.03.2021"
"Gilmore Girls: Sesong 6: I Get a Sidekick out of You","27.03.2021"
"Gilmore Girls: Sesong 6: The Real Paul Anka","27.03.2021"
"Gilmore Girls: Sesong 6: I'm OK, You're OK","22.03.2021"
"Gilmore Girls: Sesong 6: Bridesmaids Revisited","22.03.2021"
"Gilmore Girls: Sesong 6: A Vineyard Valentine","17.03.2021"
"Gilmore Girls: Sesong 6: You've Been Gilmored","16.03.2021"
"Gilmore Girls: Sesong 6: Friday Night's Alright for Fighting","16.03.2021"
"Gilmore Girls: Sesong 6: Just Like Gwen and Gavin","15.03.2021"
"Scorpion: Sesong 1: Pilotepisode","15.03.2021"
"Rick and Morty: Sesong 1: Meeseeks and Destroy","15.03.2021"
"Rick and Morty: Sesong 1: Anatomy Park","14.03.2021"
"Åstedet: Mysteriet på Cecil Hotel: Miniserie: Hotellets hemmeligheter","14.03.2021"
"Rick and Morty: Sesong 1: Lawnmower Dog","14.03.2021"
"Rick and Morty: Sesong 1: Pilotepisode","14.03.2021"
"Åstedet: Mysteriet på Cecil Hotel: Miniserie: Forsvunnet i Los Angeles","13.03.2021"
"Det regner kjøttboller","13.03.2021"
"The Dictator","06.03.2021"
"Hangover 2","04.03.2021"
"White Chicks","03.03.2021"
"To All The Boys: Always And Forever","19.02.2021"
"Freedom Writers","05.02.2021"
"Molly's Game","05.02.2021"
"The Office (U.S.): Sesong 2: Booze Cruise","04.02.2021"
"The Office (U.S.): Sesong 2: Christmas Party","04.02.2021"
"Godzilla: King of the Monsters","04.02.2021"
"Godzilla","30.01.2021"
"The Clapper","28.01.2021"
"The Dark Knight Rises","11.01.2021"
"Keeping Up with the Kardashians: Sesong 4: Body Blows","10.01.2021"
"Keeping Up with the Kardashians: Sesong 4: Must Love Dogs","10.01.2021"
"Keeping Up with the Kardashians: Sesong 4: Shape Up or Ship Out","10.01.2021"
"Keeping Up with the Kardashians: Sesong 4: Baby Blues","09.01.2021"
"Keeping Up with the Kardashians: Sesong 4: Hot Cup of Love","09.01.2021"
"Keeping Up with the Kardashians: Sesong 4: Scott on the Rocks","09.01.2021"
"Keeping Up with the Kardashians: Sesong 4: The Wedding","09.01.2021"
"Narcos: Sesong 1: Det finnes en framtid","16.12.2020"
"Narcos: Sesong 1: Palasset i flammer","16.12.2020"
"Narcos: Sesong 1: De alltid mektige","11.12.2020"
"Narcos: Sesong 1: Simón Bolívars sverd","09.12.2020"
"Narcos: Sesong 1: Descenso","09.12.2020"
"Virgin River: Sesong 2: New Beginnings","08.12.2020"
"Virgin River: Sesong 1: Unexpected Endings","08.12.2020"
"If Anything Happens I Love You","27.11.2020"
"You: Sesong 1: The Captain","27.11.2020"
"You: Sesong 1: Maybe","27.11.2020"
"You: Sesong 1: The Last Nice Guy in New York","27.11.2020"
"You: Sesong 1: Pilotepisode","27.11.2020"
"Lucy","19.11.2020"
"I AM A KILLER: Sesong 2: In Her Hands","18.11.2020"
"How to Get Away With Murder: Sesong 1: He Deserved to Die","07.11.2020"
"How to Get Away With Murder: Sesong 1: Freakin' Whack-a-Mole","07.11.2020"
"How to Get Away With Murder: Sesong 1: We're Not Friends","07.11.2020"
"How to Get Away With Murder: Sesong 1: Let's Get to Scooping","07.11.2020"
"How to Get Away With Murder: Sesong 1: Smile, or Go to Jail","07.11.2020"
"How to Get Away With Murder: Sesong 1: It's All Her Fault","07.11.2020"
"How to Get Away With Murder: Sesong 1: Pilotepisode","07.11.2020"
"Uerstattelige deg","07.11.2020"
"Bortført innen synsvidde","07.11.2020"
"About Time","05.11.2020"
"Spider-Man: Into the Spider-Verse","30.10.2020"
"Bad Neighbours","24.10.2020"
"Enola Holmes","24.10.2020"
": ","23.10.2020"
"The Trial of the Chicago 7","18.10.2020"
"The Theory of Everything","03.10.2020"
"Family Guy: Sesong 14: The Heartbreak Dog","02.10.2020"
"Family Guy: Sesong 14: A Lot Going on Upstairs","02.10.2020"
"Family Guy: Sesong 14: Underage Peter","02.10.2020"
"Love, Guaranteed","30.09.2020"
"Reckoning: Miniserie: Rrk Is Dead","28.09.2020"
"Reckoning: Miniserie: California Dreamin'","28.09.2020"
"The Man Who Knew Infinity","29.08.2020"
"Flight","29.08.2020"
"Safe Haven","19.08.2020"
"Love Happens","18.08.2020"
"2 Night Stand","18.08.2020"
"Fresh Prince i Bel-Air: Sesong 1: Bang the Drum, Ashley","17.08.2020"
"The Impossible","17.08.2020"
"Searching","15.08.2020"
"Dagboken","14.08.2020"
"Verdens mest ettersøkte: Sesong 1: Ismael El Mayo Zambada Garcia: Lederen av Sinaloa-kartellet","12.08.2020"
"Zodiac","10.08.2020"
"Verdens hardeste fengsler: Sesong 4: Mauritius: Fengselet med ekstreme straffer","09.08.2020"
"About Last Night","09.08.2020"
"The Intern","09.08.2020"
"Venom","07.08.2020"
"Concussion","02.08.2020"
"Kung Fu Panda 2","01.08.2020"
"She's Out of My League","19.07.2020"
"In the Heart of the Sea","10.07.2020"
"The Conjuring","26.06.2020"
"I AM A KILLER: Sesong 2: An Ordinary Boy","25.06.2020"
"Lincoln","22.06.2020"
"Keeping Up with the Kardashians: Sesong 2: Rob's New Girlfriend","22.06.2020"
"Keeping Up with the Kardashians: Sesong 2: Kim Becomes a Diva","22.06.2020"
"Keeping Up with the Kardashians: Sesong 1: I'm Watching You","22.06.2020"
"Aquaman","19.06.2020"
"Rick and Morty: Sesong 4: Star Mort Rick Turn of the Jerri","15.06.2020"
"Rick and Morty: Sesong 4: Childrick of Mort","15.06.2020"
"365 Days","14.06.2020"
"Prison Break: Sesong 1: Sleight of Hand","12.06.2020"
"Prison Break: Sesong 1: Tweener","12.06.2020"
"Prison Break: Sesong 1: The Old Head","11.06.2020"
"Prison Break: Sesong 1: Riots, Drills and the Devil: Del 2","11.06.2020"
"Prison Break: Sesong 1: Riots, Drills and the Devil: Del 1","11.06.2020"
"Prison Break: Sesong 1: English, Fitz or Percy","10.06.2020"
"Prison Break: Sesong 1: Cute Poison","10.06.2020"
"Prison Break: Sesong 1: Cell Test","09.06.2020"
"Prison Break: Sesong 1: Allen","07.06.2020"
"Prison Break: Sesong 1: Pilotepisode","07.06.2020"
"First Man","05.06.2020"
"To All the Boys: P.S. I Still Love You","01.06.2020"
"Dager med blå himmel","31.05.2020"
"Rick and Morty: Sesong 4: The Vat of Acid Episode","30.05.2020"
"Tiger King: Avsatt fra tronen","25.05.2020"
"Tiger King: Å gjøre det rette","25.05.2020"
"Tiger King: Gjør USA eksotisk igjen","25.05.2020"
"Tiger King: Lek med ilden","24.05.2020"
"Tiger King: Hemmeligheten","24.05.2020"
"Tiger King: Personlighetskult","24.05.2020"
"Tiger King: Ikke en vanlig mann","24.05.2020"
"Focus","22.05.2020"
"Rick and Morty: Sesong 4: Promortyus","21.05.2020"
"Bumblebee","20.05.2020"
"To All the Boys I’ve Loved Before","20.05.2020"
"The Break-Up","20.05.2020"
"Isn't It Romantic","17.05.2020"
"500 Days of Summer","17.05.2020"
"No Strings Attached","16.05.2020"
"Rick and Morty: Sesong 4: Never Ricking Morty","15.05.2020"
"Rick and Morty: Sesong 4: Rattlestar Ricklactica","15.05.2020"
"Rick and Morty: Sesong 4: Claw and Hoarder: Special Ricktim’s Morty","13.05.2020"
"Rick and Morty: Sesong 4: One Crew over the Crewcoo’s Morty","13.05.2020"
"Rick and Morty: Sesong 4: The Old Man and the Seat","12.05.2020"
"Rick and Morty: Sesong 4: Edge of Tomorty: Rick Die Rickpeat","12.05.2020"
"Rick and Morty: Sesong 3: The Rickchurian Mortydate","12.05.2020"
"Rick and Morty: Sesong 3: The ABC's of Beth","12.05.2020"
"Rick and Morty: Sesong 3: Morty's Mind Blowers","12.05.2020"
"Rick and Morty: Sesong 3: The Ricklantis Mixup","12.05.2020"
"Rick and Morty: Sesong 3: Rest and Ricklaxation","10.05.2020"
"Rick and Morty: Sesong 3: The Whirly Dirly Conspiracy","10.05.2020"
"Rick and Morty: Sesong 3: Vindicators 3:  The Return of Worldender","10.05.2020"
"Rick and Morty: Sesong 3: Pickle Rick","10.05.2020"
"Rick and Morty: Sesong 3: Rickmancing the Stone","10.05.2020"
"Rick and Morty: Sesong 3: The Rickshank Rickdemption","09.05.2020"
"Rick and Morty: Sesong 2: The Wedding Squanchers","09.05.2020"
"Rick and Morty: Sesong 2: Look Who's Purging Now","09.05.2020"
"Rick and Morty: Sesong 2: Interdimensional Cable 2: Tempting Fate","09.05.2020"
"Rick and Morty: Sesong 2: Big Trouble in Little Sanchez","09.05.2020"
"Rick and Morty: Sesong 2: The Ricks Must Be Crazy","09.05.2020"
"Rick and Morty: Sesong 2: Get Schwifty","09.05.2020"
"Rick and Morty: Sesong 2: Total Rickall","08.05.2020"
"Rick and Morty: Sesong 2: Auto Erotic Assimilation","08.05.2020"
"Rick and Morty: Sesong 2: Mortynight Run","07.05.2020"
"Rick and Morty: Sesong 2: A Rickle in Time","07.05.2020"
"The Fast and the Furious - Tokyo Drift","05.05.2020"
"2 Fast 2 Furious","05.05.2020"
"The Fast and the Furious","04.05.2020"
"Fast & Furious","04.05.2020"
"Rick and Morty: Sesong 1: Ricksy Business","03.05.2020"
"Rick and Morty: Sesong 1: Close Rick-counters of the Rick Kind","03.05.2020"
"Rick and Morty: Sesong 1: Something Ricked This Way Comes","02.05.2020"
"Rick and Morty: Sesong 1: Rixty Minutes","02.05.2020"
"Rick and Morty: Sesong 1: Raising Gazorpazorp","02.05.2020"
"Furious 7","01.05.2020"
"Fast & Furious 6","30.04.2020"
"Fast & Furious 5","30.04.2020"
"Extraction","30.04.2020"
"Family Guy: Sesong 14: An App a Day","30.04.2020"
"Family Guy: Sesong 14: Scammed Yankees","30.04.2020"
"Family Guy: Sesong 14: The Peanut Butter Kid","30.04.2020"
"Family Guy: Sesong 14: Candy, Quahog Marshmallow","29.04.2020"
"Family Guy: Sesong 14: A Shot in the Dark","29.04.2020"
"Family Guy: Sesong 14: Brokeback Swanson","29.04.2020"
"Family Guy: Sesong 14: Hot Pocket-Dial","29.04.2020"
"Family Guy: Sesong 14: Peter's Sister","29.04.2020"
"Family Guy: Sesong 14: Peter, Chris & Brian","29.04.2020"
"Family Guy: Sesong 14: Peternormal Activity","29.04.2020"
"Family Guy: Sesong 14: Guy, Robot","29.04.2020"
"Ray","15.04.2020"
"Dear John","14.04.2020"
"Family Guy: Sesong 14: Papa Has a Rollin' Son","06.04.2020"
"Hullet","29.03.2020"
"Due Date","28.03.2020"
"Pokémon: Detective Pikachu","14.03.2020"
"Pokémon: Mewtwo slår tilbake—Evolution","01.03.2020"
"Just Like Heaven","01.03.2020"
"Gone Girl","22.02.2020"
"Captain Phillips","21.02.2020"
"Skyscraper","21.02.2020"
"Ocean's 13","08.02.2020"
"Uncut Gems","02.02.2020"
"You: Sesong 2: Love, Actually","02.02.2020"
"Ikke k*dd med katter: På jakt etter en Internett-morder: Miniserie: Katt og mus","02.02.2020"
"Explained: Sesong 2: Diamonds","02.02.2020"
"Escape Plan 2: Hades","02.02.2020"
"Sex Education: Sesong 2: Episode 8","02.02.2020"
"Sex Education: Sesong 2: Episode 7","01.02.2020"
"You: Sesong 2: P.I. Joe","01.02.2020"
"You: Sesong 2: Fear and Loathing in Beverly Hills","01.02.2020"
"You: Sesong 2: Ex-istential Crisis","01.02.2020"
"You: Sesong 2: Farewell, My Bunny","01.02.2020"
"You: Sesong 2: Have a Good Wellkend, Joe!","30.01.2020"
"You: Sesong 2: The Good, the Bad, & the Hendy","30.01.2020"
"You: Sesong 2: What Are Friends For?","30.01.2020"
"You: Sesong 2: Just the Tip","29.01.2020"
"You: Sesong 2: A Fresh Start","29.01.2020"
"Jurassic World: Fallen Kingdom","29.01.2020"
"The Mind, Explained: Sesong 1: Angst","26.01.2020"
"The Mind, Explained: Sesong 1: Drømmer","26.01.2020"
"The Mind, Explained: Sesong 1: Hukommelse","26.01.2020"
"Pacific Rim: Uprising","25.01.2020"
"You: Sesong 1: Bluebeard's Castle","24.01.2020"
"You: Sesong 1: Candace","24.01.2020"
"You: Sesong 1: You Got Me, Babe","24.01.2020"
"You: Sesong 1: Everythingship","23.01.2020"
"You: Sesong 1: Amour Fou","23.01.2020"
"You: Sesong 1: Living with the Enemy","23.01.2020"
"Pokémon-serien: Sol og måne: Sol og måne – Ultraeventyr: Et drømmemøte!","21.01.2020"
"Pokémon-serien: Sol og måne: Sol og måne: Når regioner kolliderer!","21.01.2020"
"Pokémon-serien: Sol og måne: Sol og måne: Alola, Kanto!","21.01.2020"
"Pokémon-serien: Sol og måne: Sol og måne: Dexen skal fylles!","21.01.2020"
"Pokémon-serien: Sol og måne: Sol og måne: Vokterens utfordring!","21.01.2020"
"Sex Education: Sesong 2: Episode 6","19.01.2020"
"Sex Education: Sesong 2: Episode 5","19.01.2020"
"Sex Education: Sesong 2: Episode 4","19.01.2020"
"Assassin's Creed","13.01.2020"
"Superbad","03.01.2020"
"Kevin Hart: Don’t F**k This Up: Sesong 1: 24/Kevin","03.01.2020"
"The Witcher: Sesong 1: Four Marks","02.01.2020"
"The Witcher: Sesong 1: The End’s Beginning","02.01.2020"
"Interstellar","28.12.2019"
"Ocean's Twelve","27.12.2019"
"We're the Millers","26.12.2019"
"Roman J. Israel, Esq.","26.12.2019"
"Ocean's Eleven","22.12.2019"
"Inception","21.12.2019"
"Fifty Shades Freed","20.12.2019"
"Mission: Impossible - Fallout","12.12.2019"
"The Irishman","01.12.2019"
"24-timers krigen","28.11.2019"
"Shutter Island","22.11.2019"
"Now You See Me","17.11.2019"
"Jack Reacher","17.11.2019"
"True Story","16.11.2019"
"Catch Me If You Can","16.11.2019"
"Divergent-serien: Allegiant","10.11.2019"
"Insurgent","10.11.2019"
"Divergent","09.11.2019"
"Pokémon-serien: Sol og måne: Sol og måne: Alola til nye eventyr!","09.11.2019"
"Narcos: Sesong 1: Avgang","07.11.2019"
"Narcos: Sesong 1: La Catedral","07.11.2019"
"Narcos: Sesong 1: Den store løgnen","02.11.2019"
"Narcos: Sesong 1: Tårer av blod","02.11.2019"
"Narcos: Sesong 1: Explosivos","02.11.2019"
"Family Guy: Sesong 14: Pilling Them Softly","27.10.2019"
"Family Guy: Sesong 13: Take My Wife","27.10.2019"
"Family Guy: Sesong 13: Fighting Irish","27.10.2019"
"Narcos: Sesong 3: Todos Los Hombres del Presidente","26.10.2019"
"Family Guy: Sesong 13: Roasted Guy","25.10.2019"
"Family Guy: Sesong 13: Once Bitten","25.10.2019"
"Family Guy: Sesong 13: #JOLO","25.10.2019"
"Family Guy: Sesong 13: Dr. C & the Women","20.10.2019"
"Family Guy: Sesong 13: Stewie Is Enceinte","19.10.2019"
"Family Guy: Sesong 13: Encyclopedia Griffin","19.10.2019"
"Family Guy: Sesong 13: Quagmire's Mom","19.10.2019"
"Family Guy: Sesong 13: This Little Piggy","18.10.2019"
"Family Guy: Sesong 13: Our Idiot Brian","18.10.2019"
"Family Guy: Sesong 13: Stewie, Chris & Brian's Excellent Adventure","18.10.2019"
"Family Guy: Sesong 13: The 2000-Year-Old Virgin","18.10.2019"
"Family Guy: Sesong 13: Turkey Guys","18.10.2019"
"Family Guy: Sesong 13: Brian the Closer","16.10.2019"
"Family Guy: Sesong 13: Baking Bad","16.10.2019"
"Family Guy: Sesong 13: Book of Joe","15.10.2019"
"Family Guy: Sesong 13: The Simpsons Guy – del 2","15.10.2019"
"Family Guy: Sesong 13: The Simpsons Guy – del 1","13.10.2019"
"Family Guy: Sesong 12: 3 Acts of God","13.10.2019"
"Family Guy: Sesong 12: Chap Stewie","13.10.2019"
"Family Guy: Sesong 12: He's Bla-Ack!","13.10.2019"
"Family Guy: Sesong 12: Meg Stinks!","12.10.2019"
"Family Guy: Sesong 12: Baby Got Black","12.10.2019"
"Family Guy: Sesong 12: The Most Interesting Man in the World","11.10.2019"
"Family Guy: Sesong 12: Harpe the Love Sore","11.10.2019"
"Family Guy: Sesong 12: Fresh Heir","11.10.2019"
"Family Guy: Sesong 12: Secondhand Spoke","11.10.2019"
"Family Guy: Sesong 12: Mom's the Word","10.10.2019"
"Family Guy: Sesong 12: Brian's a Bad Father","10.10.2019"
"Family Guy: Sesong 12: Grimm Job","08.10.2019"
"Family Guy: Sesong 12: Peter Problems","07.10.2019"
"Family Guy: Sesong 12: Christmas Guy","07.10.2019"
"Family Guy: Sesong 12: Into Harmony's Way","07.10.2019"
"Family Guy: Sesong 12: Life of Brian","06.10.2019"
"Family Guy: Sesong 12: Boopa-Dee Bappa-Dee","06.10.2019"
"Family Guy: Sesong 12: A Fistful of Meg","06.10.2019"
"Family Guy: Sesong 12: Quagmire's Quagmire","06.10.2019"
"Family Guy: Sesong 12: Vestigial Peter","05.10.2019"
"Family Guy: Sesong 12: Finders Keepers","05.10.2019"
"Big Mouth: Sesong 2: Am I Normal?","05.10.2019"
"Downsizing","04.10.2019"
"Avengers: Infinity War","04.10.2019"
"Race","03.10.2019"
"A Star Is Born","03.10.2019"
"Snowden","28.09.2019"
"Historien om Pi","27.09.2019"
"Moneyball","27.09.2019"
"Koden Bill Gates: Et portrett av en filantrop: Miniserie: Del 1","23.09.2019"
"Den store Gatsby","06.09.2019"
"Star Wars: The Last Jedi","06.09.2019"
"Orange Is the New Black: Sesong 3: Kompiskonvertering","02.09.2019"
"Orange Is the New Black: Sesong 3: Løgn og bedrag","23.08.2019"
"Orange Is the New Black: Sesong 3: Rettskaffen lesbe","23.08.2019"
"Orange Is the New Black: Sesong 3: Empati ødelegger alt","22.08.2019"
"Orange Is the New Black: Sesong 3: Vegglus, flatlus og andre kryp","20.08.2019"
"Orange Is the New Black: Sesong 3: Morsdagen","20.08.2019"
"Orange Is the New Black: Sesong 2: Man skal ikke plage andre …","19.08.2019"
"Orange Is the New Black: Sesong 2: Det var overgangen","17.08.2019"
"Orange Is the New Black: Sesong 2: Fortell det til Følelseskrukken","17.08.2019"
"Orange Is the New Black: Sesong 2: Liten bartejævel","16.08.2019"
"Orange Is the New Black: Sesong 2: Permisjon til virkeligheten","16.08.2019"
"Orange Is the New Black: Sesong 2: Størrelsen teller","16.08.2019"
"Orange Is the New Black: Sesong 2: En klem er en klem er en …","12.08.2019"
"Orange Is the New Black: Sesong 2: Ser blå ut, smaker rød","12.08.2019"
"Orange Is the New Black: Sesong 2: Jeg kaller den tørst fugl","07.08.2019"
"Orange Is the New Black: Sesong 1: Det finnes ingen kur for galskap","07.08.2019"
"Orange Is the New Black: Sesong 1: Gråt ikke over spilt melk","07.08.2019"
"Orange Is the New Black: Sesong 1: Høye følsomme menn","07.08.2019"
"Orange Is the New Black: Sesong 1: Rød kurir","07.08.2019"
"Orange Is the New Black: Sesong 1: Bora Bora Bora","06.08.2019"
"Orange Is the New Black: Sesong 1: Helvetesweekend","06.08.2019"
"Orange Is the New Black: Sesong 1: Blodsmultring","05.08.2019"
"Orange Is the New Black: Sesong 1: Kvinnerådet","05.08.2019"
"Orange Is the New Black: Sesong 1: Høna","05.08.2019"
"Orange Is the New Black: Sesong 1: Fantasifiender","05.08.2019"
"Orange Is the New Black: Sesong 1: Lesbisk forespørsel avvist","04.08.2019"
"Orange Is the New Black: Sesong 1: Puppeangrep","04.08.2019"
"Minecraft: Eventyrmodus: Sesong 1: Steinordenen","04.08.2019"
"Orange Is the New Black: Sesong 1: Jeg var ikke klar","04.08.2019"
"Minecraft: Eventyrmodus: Sesong 1: Ordenen ser opp!","04.08.2019"
"The Butler","19.07.2019"
"Den enestående Will Hunting","19.07.2019"
"Jakten på lykke","22.04.2019"
"Fast & Furious 8","21.04.2019"
"The Departed","20.04.2019"
"Den utfordrende villmarken: Sesong 1: På redningsoppdrag i jungelen – del 2","15.04.2019"
"Den utfordrende villmarken: Sesong 1: På redningsoppdrag i jungelen – del 1","15.04.2019"
"Da Vinci koden","15.04.2019"
"Hitch","14.04.2019"
"The Mummy","31.03.2019"
"Spider-Man: Homecoming","30.03.2019"
"Thor: Ragnarok","28.03.2019"
"Grusomme meg 3","24.03.2019"
"Rampage","14.02.2019"
"Avengers: Age of Ultron","31.01.2019"
"The Avengers","30.01.2019"
"Ready Player One","25.01.2019"
"The Revenant","25.01.2019"
"Sherlock Holmes: A Game of Shadows","15.01.2019"
"Life","13.01.2019"
"Bird Box","02.01.2019"
"The 40-Year-Old Virgin","29.12.2018"
"Thor: The Dark World","22.12.2018"
"Thor","22.12.2018"
"Mowgli","16.12.2018"
"Ant-Man","16.12.2018"
"Up in the Air","30.11.2018"
"Gold","29.11.2018"
": ","18.11.2018"
": ","18.11.2018"
": ","18.11.2018"
"Mitt navn er Radio","04.11.2018"
"Guardians of the Galaxy Vol. 2","01.11.2018"
"Burnt","26.10.2018"
"Pirates of the Caribbean: Salazar's Revenge","23.10.2018"
"The Blind Side","22.10.2018"
"The Affair: Sesong 2: Episode 4","16.10.2018"
": ","13.10.2018"
": ","12.10.2018"
": ","12.10.2018"
": ","12.10.2018"
"The Affair: Sesong 2: Episode 3","09.10.2018"
"The Affair: Sesong 2: Episode 2","09.10.2018"
"The Affair: Sesong 2: Episode 1","09.10.2018"
"Top Gear: Sesong 19: Africa Spesial","01.10.2018"
"Top Gear: Sesong 20: Episode 3","01.10.2018"
"Top Gear: Sesong 22: Episode 7","01.10.2018"
"Top Gear: Sesong 22: Episode 8","01.10.2018"
"Top Gear: Sesong 18: Episode 7","01.10.2018"
"Mumien: Dragekeiserens grav","07.09.2018"
"Top Gear: Sesong 21: Episode 3","19.08.2018"
"Amerika for Mine Føtter","19.08.2018"
"Glacé – iskalde lik: Sesong 1: Episode 3","18.08.2018"
"Wonder Woman","15.08.2018"
"Masterminds","15.08.2018"
"Kyss meg","28.07.2018"
"De urørlige","20.07.2018"
"Grimsby","15.07.2018"
"Gåten Ragnarok","15.07.2018"
"Battleship","09.07.2018"
"Mamma Mia!","15.06.2018"
"Den fantastiske historien om Benjamin Button","09.06.2018"
"Journey 2: Den mystiske øya","20.05.2018"
"Rush","18.05.2018"
"Money Monster","22.04.2018"
"Kung Fu Panda","08.04.2018"
"Lost City of Z","18.03.2018"
"Marvel's Iron Fist: Sesong 1: Snow Gives Way","18.03.2018"
"Kygo: Live at the Hollywood Bowl","18.03.2018"
"Suicide Squad","18.03.2018"
"London Has Fallen","17.03.2018"
"Fifty Shades of Black","17.03.2018"
"The Legend of Tarzan","14.03.2018"
"Kong: Skull Island","11.03.2018"
"Sherlock Holmes","06.03.2018"
"CHIPS","27.02.2018"
"Ali","27.02.2018"
"Creed - The Legacy of Rocky","27.02.2018"
"Captain America: Civil War","25.02.2018"
"Captain America:  The Winter Soldier","24.02.2018"
"Captain America: The First Avenger","23.02.2018"
"When We First Met","18.02.2018"
"The Aviator","17.02.2018"
"Romvesener: Kontakt fra verdensrommet","10.02.2018"
"Johnny English Reborn","09.02.2018"
"Going in Style","03.02.2018"
"Prison Break: Sesong 2: Sweet Caroline","02.02.2018"
"Terminalen","22.01.2018"
"Spotlight","21.01.2018"
"Narcos: Sesong 3: Convivir","10.01.2018"
"Narcos: Sesong 3: Sin Salida","10.01.2018"
"Narcos: Sesong 3: Best Laid Plans","30.12.2017"
"Narcos: Sesong 3: MRO","30.12.2017"
"Narcos: Sesong 3: Checkmate","30.12.2017"
"Narcos: Sesong 3: Follow the Money","29.12.2017"
"Narcos: Sesong 3: The Cali KGB","29.12.2017"
"Narcos: Sesong 3: The Kingpin Strategy","29.12.2017"
"Narcos: Sesong 2: ¡Al fin cayó!","29.12.2017"
"Narcos: Sesong 2: Nuestra finca","29.12.2017"
"Narcos: Sesong 2: El Patrón på flukt","29.12.2017"
"Chernobyl Diaries","25.12.2017"
"Bright","23.12.2017"
"Kon-Tiki","25.11.2017"
"We Were Soldiers","23.10.2017"
"Big Game","20.10.2017"
"Frihetens regn","08.10.2017"
"Transcendence","06.10.2017"
"That Awkward Moment","06.10.2017"
"Big Mouth: Sesong 1: The Pornscape","06.10.2017"
"Big Mouth: Sesong 1: I Survived Jessi's Bat Mitzvah","06.10.2017"
"Big Mouth: Sesong 1: The Head Push","05.10.2017"
"Big Mouth: Sesong 1: Requiem for a Wet Dream","05.10.2017"
"Big Mouth: Sesong 1: Pillow Talk","05.10.2017"
"Big Mouth: Sesong 1: Girls Are Horny Too","05.10.2017"
"Big Mouth: Sesong 1: Sleepover: A Harrowing Ordeal of Emotional Brutality","05.10.2017"
"Big Mouth: Sesong 1: Am I Gay?","04.10.2017"
"Big Mouth: Sesong 1: Everybody Bleeds","04.10.2017"
"Big Mouth: Sesong 1: Ejaculation","04.10.2017"
"Lights Out","03.10.2017"
"Mac & Devin Go to High School","03.10.2017"
"Paranormal Activity: The Ghost Dimension","03.10.2017"
"Riphagen","29.09.2017"
"Don't Knock Twice","28.09.2017"
"Southpaw","22.09.2017"
"Point Break","16.09.2017"
"The Hangover","09.09.2017"
"The Sitter","08.09.2017"
"Tre konger","08.09.2017"
"Piranha","05.09.2017"
"Nå eller aldri","17.08.2017"
"Naked","17.08.2017"
"War Dogs","16.08.2017"
"Den gode dinosaur","16.08.2017"
"Trust","02.08.2017"
"Stasis","24.07.2017"
"Hotell Transylvania 2","24.07.2017"
"Pixels","09.07.2017"
"The Amazing Spider-Man","08.07.2017"
"F is for Family: Sesong 2: Pray Away","09.06.2017"
"F is for Family: Sesong 2: F Is for Fixing It","09.06.2017"
"F is for Family: Sesong 2: Fight Night","09.06.2017"
"F is for Family: Sesong 2: This Is Not Good","09.06.2017"
"F is for Family: Sesong 2: Breaking Bill","09.06.2017"
"F is for Family: Sesong 2: A Girl Named Sue","07.06.2017"
"F is for Family: Sesong 2: Heavy Sledding","07.06.2017"
"F is for Family: Sesong 1: O Holy Moly Night","06.06.2017"
"F is for Family: Sesong 1: Bill Murphy’s Day Off","06.06.2017"
"F is for Family: Sesong 1: 'F' is for Halloween","06.06.2017"
"F is for Family: Sesong 1: The Trough","06.06.2017"
"F is for Family: Sesong 1: Saturday Bloody Saturday","05.06.2017"
"F is for Family: Sesong 1: The Bleedin’ in Sweden","05.06.2017"
"The Nut Job","05.06.2017"
"Det regner kjøttboller 2","02.06.2017"
"Satanic","24.05.2017"
"Peppa Gris: Sesong 2: Mysterier / Georgs venn / Herr fugleskremsel / En stormfull høstdag","20.05.2017"
"Peppa Gris: Sesong 2: Bobler / Emily Elefant / Polly på ferie / Teddys landtur","20.05.2017"
"I Am Legend","20.05.2017"
"Grown Ups","20.05.2017"
"Merkelige dødsfall: Sesong 2: Rich and Famous Deaths","09.05.2017"
"Første kontakt: Amazonas isolerte stammer","02.05.2017"
"The Conjuring 2","29.04.2017"
"Blue Mountain State: The Rise of Thadland","27.04.2017"
"Blue Mountain State: Sesong 3: Death Penalty","24.04.2017"
"Blue Mountain State: Sesong 3: One Week","23.04.2017"
"Blue Mountain State: Sesong 3: The C-Word","23.04.2017"
"Blue Mountain State: Sesong 3: Fun Facts","23.04.2017"
"Blue Mountain State: Sesong 3: Superstition","23.04.2017"
"Blue Mountain State: Sesong 3: Blackout","23.04.2017"
"Blue Mountain State: Sesong 3: Dic Pics","21.04.2017"
"Blue Mountain State: Sesong 3: The Captain","18.04.2017"
"Blue Mountain State: Sesong 2: Riot","17.04.2017"
"Blue Mountain State: Sesong 2: Trap Game","14.04.2017"
"Blue Mountain State: Sesong 2: Drunk Tank","14.04.2017"
"Blue Mountain State: Sesong 2: Hockey","14.04.2017"
"Blue Mountain State: Sesong 2: The Badger","14.04.2017"
"Blue Mountain State: Sesong 1: Rivalry Weekend","14.04.2017"
"Blue Mountain State: Sesong 2: Vision Quest","14.04.2017"
"Blue Mountain State: Sesong 2: Debra","13.04.2017"
"Blue Mountain State: Sesong 2: Nerds","13.04.2017"
"Blue Mountain State: Sesong 2: Pregnant","13.04.2017"
"Blue Mountain State: Sesong 2: Pay for Play","13.04.2017"
"Blue Mountain State: Sesong 2: Born Again","13.04.2017"
"Blue Mountain State: Sesong 2: The Fingering","13.04.2017"
"Blue Mountain State: Sesong 2: Controversy","13.04.2017"
"Blue Mountain State: Sesong 1: Bowl Game","13.04.2017"
"Blue Mountain State: Sesong 1: Piss Test","13.04.2017"
"Blue Mountain State: Sesong 1: Ransom","13.04.2017"
"Blue Mountain State: Sesong 1: Marathon Monday","12.04.2017"
"Blue Mountain State: Sesong 1: Midterms","12.04.2017"
"Blue Mountain State: Sesong 1: LAX","12.04.2017"
"Blue Mountain State: Sesong 1: The Legend of Golden Arm","12.04.2017"
"Blue Mountain State: Sesong 1: Drug Olympics","12.04.2017"
"Blue Mountain State: Sesong 1: There's Only One Second Best","12.04.2017"
"Blue Mountain State: Sesong 1: Pocket P*ssy","12.04.2017"
"Blue Mountain State: Sesong 1: Promise Ring","12.04.2017"
"Blue Mountain State: Sesong 1: It's Called Hazing, Look It Up","12.04.2017"
"Top Gear: Sesong 21: Episode 2","11.04.2017"
"Top Gear: Sesong 22: Episode 4","09.04.2017"
"Top Gear: Sesong 22: Episode 3","09.04.2017"
"Top Gear: Sesong 22: Episode 2","06.04.2017"
"Top Gear: Sesong 22: Patagonia Special: Del 2","03.04.2017"
"Top Gear: Sesong 22: Patagonia Special: Del 1","03.04.2017"
"How to Be Single","11.03.2017"
"Push","04.03.2017"
"Top Gear: Sesong 17: India Spesial","28.02.2017"
"Top Gear: Sesong 16: Episode 7","28.02.2017"
"Top Gear: Sesong 15: East Coast Road Trip","28.02.2017"
"Top Gear: Sesong 14: The Bolivia Spesial","27.02.2017"
"Man of Steel","27.02.2017"
"Pacific Rim","26.02.2017"
"Imperial Dreams","24.02.2017"
"Halo: The Fall of Reach","24.02.2017"
"Chappie","21.02.2017"
"Den uendelige historien","07.02.2017"
"The 33","14.01.2017"
"The Expanse: Sesong 1: Dulcinea","14.01.2017"
"ARQ","05.01.2017"
"2012","04.01.2017"
"Top Gear: Sesong 21: Burma Special: Del 2","26.12.2016"
"Top Gear: Sesong 21: Burma Special: Del 1","26.12.2016"
"Halo 4: Forward Unto Dawn","26.12.2016"
"True Memoirs of an International Assassin","23.12.2016"
"Player","23.12.2016"
"American Sniper","23.12.2016"
"Spectral","22.12.2016"
"Limitless","18.12.2016"
"XOXO","16.12.2016"
"Top Gear: Sesong 20: Episode 6","13.12.2016"
"Fantastic Four","09.12.2016"
"Fresh Prince i Bel-Air: Sesong 2: Will Gets a Job","02.12.2016"
"Street","02.12.2016"
"Prison Break: Sesong 3: Good Fences","02.12.2016"
"Prison Break: Sesong 3: Call Waiting","02.12.2016"
"Prison Break: Sesong 3: Fire / Water","02.12.2016"
"Prison Break: Sesong 3: Orientación","02.12.2016"
"Prison Break: Sesong 2: Sona","02.12.2016"
"Prison Break: Sesong 2: Fin del Camino","29.11.2016"
"Prison Break: Sesong 2: Panama","25.11.2016"
"Gallows","25.11.2016"
"Prison Break: Sesong 2: Wash","23.11.2016"
"Prison Break: Sesong 2: Bad Blood","23.11.2016"
"Prison Break: Sesong 2: Chicago","22.11.2016"
"Prison Break: Sesong 2: The Message","22.11.2016"
"Prison Break: Sesong 2: Buried","21.11.2016"
"Prison Break: Sesong 2: Subdivision","21.11.2016"
"Prison Break: Sesong 2: Map 1213","21.11.2016"
"Prison Break: Sesong 2: First Down","17.11.2016"
"Prison Break: Sesong 2: Scan","16.11.2016"
"Prison Break: Sesong 2: Otis","16.11.2016"
"Prison Break: Sesong 2: Manhunt","16.11.2016"
"Prison Break: Sesong 1: Flight","15.11.2016"
"Prison Break: Sesong 1: Go","15.11.2016"
"Prison Break: Sesong 1: Tonight","15.11.2016"
"Marvel's Luke Cage: Sesong 1: DWYCK","13.11.2016"
"Marvel's Luke Cage: Sesong 1: Blowin' Up the Spot","13.11.2016"
"Prison Break: Sesong 1: The Key","13.11.2016"
"Prison Break: Sesong 1: Bluff","13.11.2016"
"Prison Break: Sesong 1: J-Cat","13.11.2016"
"Prison Break: Sesong 1: Brother's Keeper","13.11.2016"
"Prison Break: Sesong 1: By the Skin and the Teeth","13.11.2016"
"Prison Break: Sesong 1: The Rat","13.11.2016"
"Prison Break: Sesong 1: Odd Man Out","13.11.2016"
"Prison Break: Sesong 1: End of the Tunnel","13.11.2016"
"Prison Break: Sesong 1: And Then There Were 7","12.11.2016"
"Breakout Kings: Sesong 1: Pilotepisode","08.11.2016"
"Marvel's Luke Cage: Sesong 1: Manifest","08.11.2016"
"Marvel's Luke Cage: Sesong 1: Suckas Need Bodyguards","04.11.2016"
"Marvel's Luke Cage: Sesong 1: Just to Get a Rep","03.11.2016"
"Marvel's Luke Cage: Sesong 1: Step in the Arena","03.11.2016"
"Prison Break: Sesong 4: The Final Break","13.10.2016"
"Prison Break: Sesong 4: Killing Your Number","12.10.2016"
"Prison Break: Sesong 4: Rate of Exchange","12.10.2016"
"Prison Break: Sesong 4: Cowboys & Indians","12.10.2016"
"Prison Break: Sesong 4: S.O.B.","09.10.2016"
"Prison Break: Sesong 4: Versus","09.10.2016"
"Prison Break: Sesong 4: The Mother Lode","09.10.2016"
"Prison Break: Sesong 4: The Sunshine State","07.10.2016"
"Marvel's Luke Cage: Sesong 1: Who's Gonna Take the Weight?","07.10.2016"
"Marvel's Luke Cage: Sesong 1: Code of the Streets","07.10.2016"
"Marvel's Luke Cage: Sesong 1: Moment of Truth","07.10.2016"
"Prison Break: Sesong 4: Going Under","07.10.2016"
"Prison Break: Sesong 4: Just Business","07.10.2016"
"Prison Break: Sesong 4: Deal or No Deal","07.10.2016"
"Prison Break: Sesong 4: Selfless","06.10.2016"
"Prison Break: Sesong 4: Quiet Riot","06.10.2016"
"Prison Break: Sesong 4: The Legend","25.09.2016"
"Prison Break: Sesong 4: Greatness Achieved","24.09.2016"
"Prison Break: Sesong 4: The Price","24.09.2016"
"Top Gear: Sesong 19: Episode 1","24.09.2016"
"Prison Break: Sesong 4: Five the Hard Way","24.09.2016"
"Prison Break: Sesong 4: Blow Out","23.09.2016"
"Prison Break: Sesong 4: Safe & Sound","23.09.2016"
"Prison Break: Sesong 4: Eagles & Angels","22.09.2016"
"Prison Break: Sesong 4: Shut Down","22.09.2016"
"Prison Break: Sesong 4: Breaking & Entering","22.09.2016"
"Prison Break: Sesong 4: Scylla","22.09.2016"
"Prison Break: Sesong 3: The Art of the Deal","21.09.2016"
"Top Gear: Sesong 20: Episode 5","20.09.2016"
"Prison Break: Sesong 3: Hell or High Water","20.09.2016"
"Prison Break: Sesong 3: Under & Out","20.09.2016"
"Prison Break: Sesong 3: Dirt Nap","20.09.2016"
"Hachi: A Dog's Tale","20.09.2016"
"Prison Break: Sesong 3: Boxed In","20.09.2016"
"Prison Break: Sesong 3: Bang and Burn","19.09.2016"
"Prison Break: Sesong 3: Vamonos","18.09.2016"
"Prison Break: Sesong 3: Photo Finish","18.09.2016"
"Prison Break: Sesong 3: Interference","18.09.2016"
"Pokémon Serien XY: XY: Kalos Quest: En sjanse til å samarbeide","12.09.2016"
"Need for Speed","11.09.2016"
"Pokémon Serien XY: XY: Bonnie til forsvar","02.09.2016"
"Pokémon Serien XY: XY: Gjenforeningen!","02.09.2016"
"Pokémon Serien XY: XY: Å leve ut artistdrømmen!","02.09.2016"
"Pokémon Serien XY: XY: Den redde redder dagen!","02.09.2016"
"Pokémon Serien XY: XY: Arven skal deles!","02.09.2016"
"Pokémon Serien XY: XY: Oppgjørets time på Shalour Gym!","02.09.2016"
"Pokémon Serien XY: XY: Megaevolusjonens opprinnelse!","02.09.2016"
"Pokémon Serien XY: XY: Kampen om æresgalleriet!","27.08.2016"
"Pokémon Serien XY: XY: Tåkete Pokémon-orientering!","27.08.2016"
"Pokémon Serien XY: XY: Kinosuksess på dag tre!","21.08.2016"
"Pokémon Serien XY: XY: Oppdagelsessommer!","21.08.2016"
"Pokémon Serien XY: XY: Nye venner i skogen!","21.08.2016"
"Pokémon Serien XY: XY: Speilgrotten!","21.08.2016"
"Pokémon Serien XY: XY: Kamper i det blå","21.08.2016"
"Pokémon Serien XY: XY: Skogens forsvarer!","21.08.2016"
"Pokémon Serien XY: XY: Megaevolusjonens bånd!","20.08.2016"
"Pokémon Serien XY: XY: Å overvinne auraen!","20.08.2016"
"Syv liv","20.08.2016"
"Pokémon Serien XY: XY: Aurastormen!","19.08.2016"
"Living on One Dollar","19.08.2016"
"Pokémon Serien XY: XY: En grotte full av prøvelser!","19.08.2016"
"Pokémon Serien XY: XY: Megaavsløringer!","19.08.2016"
"Pokémon Serien XY: XY: Helter – både venner og falske venner!","19.08.2016"
"Pokémon Serien XY: XY: Evolusjonens bånd!","19.08.2016"
"Pokémon Serien XY: XY: Tilbake i kulda!","19.08.2016"
"Pokémon Serien XY: XY: På leting etter en feblomst!","19.08.2016"
"Pokémon Serien XY: XY: En kamp på liv og kake!","19.08.2016"
"Pokémon Serien XY: XY: Klatre opp veggene!","19.08.2016"
"Pokémon Serien XY: XY: Går for gullet","13.08.2016"
"Pokémon Serien XY: XY: En pokévideo for fremtiden!","13.08.2016"
"If I Stay","12.08.2016"
"Pokémon Serien XY: XY: Titlene vinnes på slottet!","11.08.2016"
"Pokémon Serien XY: XY: En konspirasjon å beseire!","11.08.2016"
"Pokémon Serien XY: XY: Å vekke den sovende kjempen!","11.08.2016"
"Pokémon Serien XY: XY: En strøm av ninjavisdom!","10.08.2016"
"Pokémon Serien XY: XY: En sjokkerende ombytting!","10.08.2016"
"Pokémon Serien XY: XY: En skikkelig kamp-appetitt!","10.08.2016"
"Pokémon Serien XY: XY: På leting etter ly for stormen!","10.08.2016"
"Pokémon Serien XY: XY: Barnehagekaos!","10.08.2016"
"Pokémon Serien XY: XY: Å fange en Pokémon-smugler!","10.08.2016"
"Pokémon Serien XY: XY: På villspor i bambusskogen!","10.08.2016"
"Pokémon Serien XY: XY: Mega, mega Meowth-galskap!","10.08.2016"
"Pokémon Serien XY: XY: Clemont har en hemmelighet!","10.08.2016"
"Walt Before Mickey","01.08.2016"
"Pokémon Serien XY: XY: Furfrou i Pokémon-salongen","29.07.2016"
"Pokémon Serien XY: XY: Den ville jakten i Rhyhorn-løpet!","29.07.2016"
"Pokémon Serien XY: XY: Kamp på tynn is!","29.07.2016"
"Pokémon Serien XY: XY: En forblåst Santalune Gym-kamp!","29.07.2016"
"Pokémon Serien XY: XY: Et sjokkerende frekt vennskap!","29.07.2016"
"Pokémon Serien XY: XY: En luftmobil kamp!","29.07.2016"
"Pokémon Serien XY: XY: Jakten i Lumiose City!","29.07.2016"
"Prison Break: Sesong 2: John Doe","28.07.2016"
"Prison Break: Sesong 2: The Killing Box","27.07.2016"
"Top Gear: Sesong 20: Episode 4","27.07.2016"
"Pokémon Serien XY: XY: Kalos, hvor drømmer og eventyr begynner!","27.07.2016"
"Prison Break: Sesong 2: Disconnect","27.07.2016"
"Prison Break: Sesong 2: Bolshoi Booze","26.07.2016"
"Prison Break: Sesong 2: Rendezvous","26.07.2016"
"Pokémon: Sesong 1: Oppgjør i Pewter by","25.07.2016"
"Pokémon: Sesong 1: En samurai utfordrer til kamp","25.07.2016"
"Pokémon: Sesong 1: Ash fanger en Pokémon","25.07.2016"
"Prison Break: Sesong 2: Unearthed","25.07.2016"
"Prison Break: Sesong 2: Dead Fall","25.07.2016"
"Jobs","24.07.2016"
"Pokémon: Sesong 1: Pokémon-alarm!","24.07.2016"
"Pokémon: Sesong 1: Pokémon – jeg velger deg!","24.07.2016"
"Aloha","23.07.2016"
"Fittest on Earth: The Story of the 2015 Reebok CrossFit Games","22.07.2016"
"Magic Mike XXL","07.07.2016"
"Super Size Me","14.03.2016"
"Big Momma's House","09.12.2015"
"Back in Time","03.11.2015"
"SvampeBob Firkant - Filmen","02.11.2015"
"Legofilmen","20.10.2015"
"Where the Trail Ends","25.09.2014"
"Cake Boss: Sesong 1: A Fire, a Fashionista & Family","30.08.2014"
"Cake Boss: Sesong 1: A Bride, A Boat & Bamboozled!","30.08.2014"
"A.N.T. Farm: Sesong 1: StudANT Council","16.08.2014"
"A.N.T. Farm: Sesong 1: SciANTs Fair","16.08.2014"
"Kickin' It: Sesong 1: Danser med dukke","17.04.2014"
"Kickin' It: Sesong 1: Sumo i dojoen","17.04.2014"
"Kickin' It: Sesong 1: Wasabi-krigerne","17.04.2014"
"Kurt Blir Grusom","16.04.2014"
"LEGO: Marvel Super Heroes: Maximum Overload","16.04.2014"
"Croods","16.04.2014"
"Big Top Scooby Doo!","28.02.2014"
"Austin & Ally: Sesong 1: Album og opptaksprøver","28.02.2014"
"Austin & Ally: Sesong 1: Rockestjerner og låtskrivere","28.02.2014"
"DreamWorks Happy Holidays from Madagascar: Gledelig høytid fra Madagaskar: Play All Three: Madagascar Short Stories","28.02.2014"
"A.N.T. Farm: Sesong 1: ParticipANTs","28.02.2014"
"A.N.T. Farm: Sesong 1: TransplANTed","28.02.2014"
"Step Up 3D","15.02.2014"
"Turbo FAST: Sesong 1: Sinnsykt fort","13.02.2014"
"Madagaskar 2","13.02.2014"
"The Blue Planet: A Natural History of the Oceans: Sesong 1: Ocean World","13.02.2014"
"Bernard: Sesong 1: Sesong 1: Episode 1","13.02.2014"
"DreamWorks' Korte Historier: DreamWorks Short Stories: Play All Six: Spooky Stories: Volume 2","12.02.2014"
"Cake Boss: Sesong 4: Touchdown og tatoveringer","12.02.2014"
"Cake Boss: Sesong 4: Kakeblokk, cruise og en seremoni for Carlo","12.02.2014"
"Cake Boss: Sesong 4: Kirkekake, karat og poolparty for familien Castano","12.02.2014"
"Cake Boss: Sesong 4: Rekvisitter, pai og tid for fest!","12.02.2014"
"Cake Boss: Sesong 4: Såpe, ultralyd og overraskelse!","12.02.2014"
"Cake Boss: Sesong 4: Kister, kostymer og kake på båre","11.02.2014"
"Cake Boss: Sesong 4: Spøkelser og spumoni","11.02.2014"
"Cake Boss: Sesong 4: Sjokoladeracerbiler og velge kjole","10.02.2014"
"Cake Boss: Sesong 4: Bier, forsiktighet og forretninger","10.02.2014"
"Cake Boss: Sesong 4: En morsom Regis og 50 bryllup","10.02.2014"
"Cake Boss: Sesong 4: Transporttrøbbel og to bruder","10.02.2014"
"Cake Boss: Sesong 4: Messe, mot Syracuse og et spesielt jubileum","10.02.2014"
"Cake Boss: Sesong 4: Paleontologi og frieri","10.02.2014"
"Cake Boss: Sesong 4: Lysekronekake og dåp","10.02.2014"
"Cake Boss: Sesong 4: Premieku, karamellkjeks og en forutanelse","09.02.2014"
"Cake Boss: Sesong 4: Leirbål, datamaskiner og bekymringer","09.02.2014"
"Cake Boss: Sesong 4: Cheeseburgere, kurer og en utfordring","09.02.2014"
"Cake Boss: Sesong 4: Flyttekake, klinkekuler og tabber","09.02.2014"
"Cake Boss: Sesong 4: Insekter, samlivsbrudd og utbrenthet","09.02.2014"
"Cake Boss: Sesong 4: Konkurranse, komplikasjoner og nattverd","09.02.2014"
"Cake Boss: Sesong 4: Bumblebee og en sjefete Grace","09.02.2014"
"Oskars oase: Sesong 1: Uhell på tur / Eggeløp / På jakt etter vann / Babydukke","09.02.2014"
"Cake Boss: Sesong 4: Hodetelefoner, helikoptre og håndjern","09.02.2014"
"Cake Boss: Sesong 4: Kake til 4000 gjester","06.02.2014"
"Cake Boss: Sesong 4: Romferge, uenighet og overraskelse!","06.02.2014"
"Cake Boss: Sesong 4: Andre bryllupsdag og St Patty's","06.02.2014"
"Cake Boss: Sesong 4: Tulipaner og regnskapsfører","06.02.2014"
"Cake Boss: Sesong 4: Designer og diagnose","04.02.2014"
"Cake Boss: Sesong 4: Slag og søtsaker","04.02.2014"
"Cake Boss: Sesong 4: Staten Island Chuck","01.02.2014"
"Cake Boss: Sesong 4: Pucker og bakverk","01.02.2014"
"Cake Boss: Sesong 4: Eventyrkake","01.02.2014"
"Cake Boss: Sesong 4: Varmluftsballong-kake","01.02.2014"
"Cake Boss: Sesong 4: Toaletter og tekstiler","01.02.2014"
"Cake Boss: Sesong 4: Haikake, scootere og stinkende fisk","01.02.2014"
"Cake Boss: Sesong 4: Sirkus, kjendiskokker og overraskelser!","01.02.2014"
"Cake Boss: Sesong 3: Julenissen, soloppgang og snømannmuffins","01.02.2014"
"Cake Boss: Sesong 3: Sprø sjokoladekake og Carlos hundreårsjubileum","27.01.2014"
"Cake Boss: Sesong 3: Sekstenårsdag, stjerner og en sabel","27.01.2014"
"Cake Boss: Sesong 3: Snooki, supre Anthony og et skip","27.01.2014"
"Cake Boss: Sesong 3: Rør, en føniks og et ødelagt kjøkken","25.01.2014"
"Cake Boss: Sesong 3: Sandaler, brødskiver og hyller","25.01.2014"
"Cake Boss: Sesong 3: Cassata, ostekake og kasser med vin","25.01.2014"
"Cake Boss: Sesong 3: Fresker, fontener og familieønsker","25.01.2014"
"Cake Boss: Sesong 3: Familie, fisk og slektshistorie","23.01.2014"
"The Fairly OddParents: Sesong 1: Det store problemet / Strømtrøbbel","23.01.2014"
"Cake Boss: Sesong 3: Jordbær, Sinatra og ødelagte komfyrer","22.01.2014"
"Cake Boss: Sesong 3: Hjelmkake, kjernesunne Mauro og enorme sko","22.01.2014"
"Cake Boss: Sesong 3: Fe og frisører","22.01.2014"
"Cake Boss: Sesong 3: Bynøkkelen og det glade 80-tall","22.01.2014"
"Cake Boss: Sesong 3: Krig, kamuflasje og Cupcake-dagen","22.01.2014"
"LEGO Batman: The Movie","21.01.2014"
"Cake Boss: Sesong 3: To meter smørbrød, zeppole og en syk Mauro","20.01.2014"
"Cake Boss: Sesong 3: Symboler, stasjonsvogn og stolte foreldre","20.01.2014"
"Cake Boss: Sesong 3: Magasiner, en megaskjerm og Maurizio","20.01.2014"
"Cake Boss: Sesong 3: Ridderturnering og rålekker tiramisu","19.01.2014"
"Cake Boss: Sesong 3: Roser, romanse og en romeo","19.01.2014"
"Cake Boss: Sesong 3: Peppermynte og isbading","19.01.2014"
"Småspioner 2 - Operasjon drømmeøya","17.01.2014"
"Cake Boss: Sesong 3: Guvernør, kjempe-Lisa og farvel Mama","16.01.2014"
"Cake Boss: Sesong 2: Slott, italiensk dessert og tegnefilmfigurer","16.01.2014"
"Cake Boss: Sesong 2: Biler, kollaps og mote","16.01.2014"
"Cake Boss: Sesong 2: Sjimpanser, kino og smuldrepai","16.01.2014"
"Cake Boss: Sesong 2: Størrelser, søvn og Sesam stasjon","16.01.2014"
"Cake Boss: Sesong 2: Epler, argumenter og dyrebilder","16.01.2014"
"Cake Boss: Sesong 2: Rødmende bruder og travle bakere","15.01.2014"
"Cake Boss: Sesong 2: Fargerike figurer og julekostymer","15.01.2014"
"Cake Boss: Sesong 2: Motorsykler, Manhattan-beboere og dårlig oppførsel","15.01.2014"
"Cake Boss: Sesong 2: Galninger, fastfood og en redd Frankie","15.01.2014"
"Cake Boss: Sesong 2: Golf Green og tyngdekraft","15.01.2014"
"Cake Boss: Sesong 2: Pizza, valper og svigerfar","15.01.2014"
"Cake Boss: Sesong 2: Barn, et bur og en utfordring","14.01.2014"
"Cake Boss: Sesong 2: Malere, biljard og rosa!","14.01.2014"
"Cake Boss: Sesong 2: Godteri, kontanter og krise","14.01.2014"
"Cake Boss: Sesong 2: Planter, narrestreker og et forslag","14.01.2014"
"Cake Boss: Sesong 1: Fireworks, Falling Fondant & Fathers","13.01.2014"
"Cake Boss: Sesong 1: Leaning, Lobsters & Lectures","13.01.2014"
"Cake Boss: Sesong 1: A Blindfold, A Bikini & Breathing Fire","13.01.2014"
"Cake Boss: Sesong 1: Chinese Culture & Cannolis","13.01.2014"
"Cake Boss: Sesong 1: Soldiers, Sand & Salads","13.01.2014"
"Cake Boss: Sesong 1: Museum, Mistakes & Mother Mary","13.01.2014"
"Cake Boss: Sesong 1: Doves, Ducks & Delicacies","13.01.2014"
"Cake Boss: Sesong 1: Undead, Unclothed & Unhappy Mama","13.01.2014"
"Cake Boss: Sesong 1: Bi-Plane, Bridezilla & Busting Buddy","13.01.2014"
"Cake Boss: Sesong 1: Weddings, Water & Whacked!","12.01.2014"
"Cake Boss: Sesong 1: Bunny, Birthday & Burnt Food","12.01.2014"
"Planet 51","12.01.2014"
"Som hund og katt","04.01.2014"
"Treasure Buddies - Valpene på skattejakt","03.01.2014"
"Horseland: Sesong 1: Døm ikke jenta etter limoen","03.01.2014"
"Kaos i Eventyrland","02.01.2014"
"Arthur og Maltazards hevn","02.01.2014"
"Arthur 3 og de to verdener","02.01.2014"
"Pusur","02.01.2014"
"Svampebob Firkant: Sesong 1: Boblesalg / Hull i buksa","02.01.2014"
"Beverly Hills Chihuahua 3: Viva La Fiesta!","02.01.2014"
